id,name,quiz1,quiz2,quiz3,QuizAvg,pass_fail,pass_levels,certificate,library,ExtraCourse,PracticeCourse,english,precounter,quiz1counter,quiz2counter,quiz3counter,platform_Pclassification,student_Lprediction
1,hlyddy0@jiathis.com,40,56,87,61,1,1,1,1,1,0,1,3,3,7,6,75,1
2,lgosden1@gmpg.org,85,77,100,87.33333333,1,1,1,1,0,1,0,1,3,2,1,41,1
3,oohengerty2@bloomberg.com,32,82,34,49.33333333,0,0,0,0,1,0,1,3,8,5,2,26,0
4,sgiroldo3@sina.com.cn,39,56,34,43,0,0,0,0,1,1,0,9,2,9,5,62,0
5,msurcombe4@discuz.net,77,70,42,63,1,1,1,1,1,1,0,7,8,7,10,87,1
6,cguillond5@imgur.com,74,63,72,69.66666667,1,1,1,1,0,0,0,9,5,6,7,48,1
7,jlodeke6@hugedomains.com,12,31,97,46.66666667,0,0,0,1,1,1,0,9,6,2,1,87,0
8,rkrauss7@nymag.com,47,22,13,27.33333333,1,1,1,0,1,0,0,6,3,3,1,68,1
9,gbott8@nps.gov,77,34,84,65,1,1,1,0,0,0,0,5,9,4,2,3,1
10,rbickerdike9@1688.com,41,14,10,21.66666667,0,0,0,1,0,1,0,7,2,1,1,53,0
11,shana@accuweather.com,48,63,49,53.33333333,1,1,1,1,1,0,0,2,6,1,7,54,1
12,skinninb@bbc.co.uk,29,53,50,44,0,0,0,1,1,1,0,7,7,1,2,77,0
13,ahodjettsc@tuttocitta.it,67,22,50,46.33333333,0,0,0,0,0,0,0,8,7,3,3,46,0
14,pkoseld@cisco.com,18,32,49,33,0,0,0,0,0,0,0,7,9,10,2,99,0
15,gstanyone@sbwire.com,81,14,65,53.33333333,1,1,1,1,1,1,1,2,5,9,5,5,1
16,bmatijevicf@gmpg.org,99,97,42,79.33333333,1,1,1,0,1,0,1,6,8,10,2,14,1
17,oprangleyg@nba.com,87,15,79,60.33333333,1,1,1,0,1,0,0,10,3,2,5,45,1
18,mandriessenh@constantcontact.com,64,83,30,59,1,1,1,1,0,1,0,2,4,9,6,93,1
19,saddessi@google.com,16,69,28,37.66666667,0,0,0,1,0,1,1,1,5,8,5,41,0
20,hbertj@youku.com,34,83,39,52,1,1,1,1,0,1,0,10,3,9,7,88,1
21,adomokosk@businessweek.com,42,24,69,45,1,1,1,0,0,1,0,3,3,10,4,37,1
22,lduckfieldl@wired.com,88,58,29,58.33333333,1,1,1,0,0,0,0,9,10,6,5,99,1
23,lkavanaghm@whitehouse.gov,75,98,59,77.33333333,1,1,1,1,0,1,0,10,8,3,3,19,1
24,fhastonn@tripod.com,70,93,88,83.66666667,1,1,1,0,1,0,1,6,5,1,1,6,1
25,emakeno@instagram.com,26,15,53,31.33333333,0,0,0,1,1,1,0,7,6,7,2,16,0
26,kmontp@furl.net,34,87,80,67,1,1,1,1,0,1,0,2,10,5,10,51,1
27,aleysq@tripadvisor.com,34,25,30,29.66666667,0,0,0,0,0,0,0,1,5,1,8,10,0
28,vparrisr@bluehost.com,58,92,83,77.66666667,1,1,1,0,0,1,0,4,1,1,4,29,1
29,hhillins@nps.gov,76,39,60,58.33333333,1,1,1,1,1,0,1,4,4,7,4,49,1
30,pcabblet@alexa.com,45,76,34,51.66666667,1,1,1,0,1,1,0,3,7,6,2,3,1
31,cpeytonu@slate.com,67,64,86,72.33333333,1,1,1,0,0,0,0,2,10,7,9,40,1
32,mgledhillv@istockphoto.com,29,98,74,67,1,1,1,1,1,0,1,3,2,10,5,39,1
33,ahoytw@joomla.org,23,47,82,50.66666667,1,1,1,1,1,1,1,3,9,4,5,51,1
34,wbramblex@hhs.gov,19,76,17,37.33333333,0,0,0,0,0,0,0,3,2,8,6,48,0
35,rvanoorty@tumblr.com,86,52,89,75.66666667,1,1,1,0,1,0,1,2,8,6,3,52,1
36,ahindrickz@livejournal.com,69,34,18,40.33333333,0,0,0,0,0,0,1,9,9,7,3,73,0
37,jpipkin10@abc.net.au,96,51,52,66.33333333,1,1,1,1,0,1,1,6,10,2,8,45,1
38,rpetras11@globo.com,65,72,37,58,1,1,1,0,0,1,1,5,1,5,9,75,1
39,sdelacote12@oaic.gov.au,73,95,12,60,1,1,1,0,0,1,0,1,6,5,8,13,1
40,fgruszka13@pen.io,68,17,66,50.33333333,1,1,1,0,1,1,0,1,9,1,2,2,1
41,ddulieu14@drupal.org,94,75,87,85.33333333,1,1,1,1,0,1,1,6,1,1,2,22,1
42,mgotts15@forbes.com,75,41,17,44.33333333,0,0,0,0,1,0,0,8,1,3,6,4,0
43,bblampey16@smugmug.com,91,90,39,73.33333333,1,1,1,1,0,1,0,7,1,5,7,76,1
44,elinstead17@wiley.com,17,16,85,39.33333333,0,0,0,0,1,0,0,6,6,1,3,86,0
45,joheaney18@tripod.com,22,83,32,45.66666667,0,0,0,0,0,1,0,6,10,8,8,68,0
46,wbarnwell19@meetup.com,60,40,68,56,1,1,1,1,0,1,0,2,3,10,5,74,1
47,blindsell1a@ftc.gov,43,22,24,29.66666667,0,0,0,1,1,1,0,6,9,10,7,32,0
48,gmcruvie1b@china.com.cn,48,62,96,68.66666667,1,1,1,1,0,1,0,2,3,10,6,41,1
49,csaffe1c@g.co,20,52,27,33,0,0,0,1,0,0,1,10,6,4,4,71,0
50,rboyse1d@army.mil,27,86,98,70.33333333,1,1,1,0,1,1,0,5,10,2,10,16,1
51,nbiasotti1e@newyorker.com,72,49,10,43.66666667,0,0,0,1,1,0,0,1,3,4,9,78,0
52,aburgher1f@youtu.be,46,85,57,62.66666667,1,1,1,0,0,1,0,9,4,4,10,76,1
53,jovenell1g@columbia.edu,57,16,95,56,1,1,1,0,0,1,0,9,6,4,4,20,1
54,dfrantzeni1h@plala.or.jp,16,29,88,44.33333333,0,0,0,1,1,1,1,9,3,4,2,10,0
55,cogles1i@godaddy.com,35,79,68,60.66666667,1,1,1,1,1,0,1,1,7,10,6,76,1
56,vsampson1j@cafepress.com,18,11,77,35.33333333,0,0,0,0,0,0,1,2,5,6,7,60,0
57,lbecom1k@plala.or.jp,27,54,38,39.66666667,0,0,0,0,1,0,1,4,1,7,3,69,0
58,amottram1l@yandex.ru,72,66,43,60.33333333,1,1,1,1,1,1,0,6,1,8,10,4,1
59,hdimitresco1m@usda.gov,24,79,79,60.66666667,1,1,1,1,1,0,1,7,8,7,7,91,1
60,tstallybrass1n@ning.com,37,99,16,50.66666667,1,1,1,1,0,0,1,7,8,4,10,64,1
61,aduding1o@virginia.edu,10,44,100,51.33333333,1,1,1,1,1,0,1,10,2,1,4,35,1
62,slintot1p@mapy.cz,53,39,39,43.66666667,0,0,0,1,0,0,1,7,7,8,2,71,0
63,nhinchshaw1q@weather.com,44,16,39,33,0,0,0,0,0,0,1,4,3,10,8,99,0
64,ahoundsom1r@hhs.gov,70,48,53,57,1,1,1,1,1,0,1,1,6,2,10,52,1
65,galred1s@desdev.cn,78,98,21,65.66666667,1,1,1,0,0,1,0,5,6,5,6,37,1
66,emuckleston1t@51.la,72,28,29,43,0,0,0,1,0,0,0,5,5,1,5,23,0
67,msterman1u@bbb.org,19,47,60,42,0,0,0,1,0,0,0,1,2,9,3,48,0
68,cabramsky1v@biglobe.ne.jp,11,57,61,43,0,0,0,0,1,1,1,1,3,7,3,61,0
69,bkimberley1w@domainmarket.com,41,93,43,59,1,1,1,0,1,1,1,1,1,10,7,17,1
70,pteare1x@businessweek.com,14,57,25,32,0,0,0,1,1,1,0,3,3,10,7,39,0
71,cshillaker1y@techcrunch.com,69,22,50,47,0,0,0,0,0,0,0,3,8,6,1,80,0
72,nshera1z@blogs.com,63,46,89,66,1,1,1,0,0,1,0,3,7,7,8,16,1
73,vlishmund20@livejournal.com,68,92,75,78.33333333,1,1,1,1,0,1,0,9,10,7,9,25,1
74,myelyashev21@dyndns.org,15,70,52,45.66666667,0,0,0,1,1,1,0,1,3,1,2,71,0
75,slangcaster22@wunderground.com,79,38,76,64.33333333,1,1,1,0,1,1,1,4,6,4,10,28,1
76,mshillitto23@deviantart.com,14,84,55,51,1,1,1,0,1,1,0,3,10,9,10,85,1
77,bcheyne24@redcross.org,74,85,45,68,1,1,1,0,1,0,1,10,6,9,5,55,1
78,tskein25@angelfire.com,12,63,37,37.33333333,0,0,0,0,1,0,0,10,8,4,1,24,0
79,kpavel26@deviantart.com,62,77,50,63,1,1,1,1,1,0,0,3,9,10,2,96,1
80,ujullian27@ftc.gov,59,34,61,51.33333333,1,1,1,0,0,1,0,10,6,9,10,67,1
81,tcharlwood28@army.mil,52,29,20,33.66666667,0,0,0,1,1,0,1,8,7,5,10,78,0
82,eglowinski29@cargocollective.com,71,51,10,44,0,0,0,0,0,1,1,8,5,10,1,40,0
83,lstreader2a@yelp.com,64,85,22,57,1,1,1,0,0,0,0,3,6,7,1,30,1
84,jheggman2b@businessinsider.com,96,50,88,78,1,1,1,0,1,0,1,10,2,2,7,58,1
85,nvlasenko2c@time.com,68,66,73,69,1,1,1,0,1,1,0,2,4,7,10,12,1
86,mellerbeck2d@guardian.co.uk,75,11,37,41,0,0,0,1,0,0,1,2,5,2,4,24,0
87,sswindlehurst2e@imageshack.us,64,19,40,41,0,0,0,1,1,1,1,1,7,9,10,40,0
88,fdaspar2f@biblegateway.com,74,81,52,69,1,1,1,1,0,1,1,10,10,2,10,38,1
89,vwhopples2g@marketwatch.com,67,56,19,47.33333333,0,0,0,0,0,1,1,7,2,2,1,30,0
90,wroark2h@goodreads.com,13,58,83,51.33333333,1,1,1,1,1,1,0,4,4,5,2,99,1
91,lbenfell2i@multiply.com,98,62,67,75.66666667,1,1,1,1,0,1,0,5,7,8,9,51,1
92,kdorkens2j@spiegel.de,73,22,57,50.66666667,1,1,1,0,1,1,1,6,4,6,6,14,1
93,qfranzewitch2k@earthlink.net,71,76,54,67,1,1,1,1,0,0,0,1,1,5,2,95,1
94,jwilce2l@skype.com,67,38,37,47.33333333,0,0,0,1,1,1,1,7,4,7,3,31,0
95,gmityushin2m@bloglines.com,35,22,13,23.33333333,0,0,0,0,1,0,0,10,7,9,3,72,0
96,rsegge2n@hud.gov,18,52,38,36,0,0,0,1,1,1,0,7,1,8,10,34,0
97,dwescott2o@cnbc.com,48,19,83,50,1,1,1,0,0,1,0,3,7,2,10,81,1
98,cburns2p@berkeley.edu,39,45,96,60,1,1,1,1,0,1,1,8,9,7,2,31,1
99,bmarryatt2q@microsoft.com,16,35,70,40.33333333,0,0,0,0,0,0,1,7,9,7,6,34,0
100,ifallanche2r@redcross.org,13,94,47,51.33333333,1,1,1,0,0,1,1,6,1,2,8,12,1
101,smasding2s@usgs.gov,29,60,29,39.33333333,0,0,0,1,1,1,0,3,4,1,4,6,0
102,ajaksic2t@bloglovin.com,21,31,89,47,0,0,0,0,1,0,0,10,3,6,2,68,0
103,kstonman2u@purevolume.com,92,46,34,57.33333333,1,1,1,0,0,0,1,2,3,2,5,94,1
104,rmcdermot2v@vkontakte.ru,78,34,35,49,0,0,0,1,1,1,1,3,3,8,5,96,0
105,gmcpake2w@intel.com,31,87,19,45.66666667,0,0,0,0,1,1,1,8,9,8,4,93,0
106,aseals2x@mtv.com,84,77,33,64.66666667,1,1,1,1,0,1,1,6,2,5,4,59,1
107,treoch2y@people.com.cn,71,71,39,60.33333333,1,1,1,0,1,0,0,10,2,8,2,71,1
108,bastin2z@is.gd,42,15,94,50.33333333,1,1,1,0,1,1,0,3,10,6,1,27,1
109,ewoolen30@yahoo.co.jp,92,76,47,71.66666667,1,1,1,0,1,0,0,1,8,10,5,65,1
110,sesmond31@illinois.edu,75,86,44,68.33333333,1,1,1,0,1,0,1,2,3,2,7,90,1
111,shaddleton32@ebay.co.uk,36,18,89,47.66666667,0,0,0,0,1,1,1,1,4,2,8,25,0
112,rspira33@4shared.com,65,79,54,66,1,1,1,0,1,0,0,8,9,2,4,6,1
113,pegar34@hao123.com,18,93,84,65,1,1,1,1,1,0,1,10,1,10,5,77,1
114,ftetford35@home.pl,12,49,94,51.66666667,1,1,1,1,0,1,0,7,9,9,3,56,1
115,tpeele36@cafepress.com,93,30,83,68.66666667,1,1,1,1,0,1,0,8,8,8,1,27,1
116,mkryska37@mozilla.org,62,16,24,34,0,0,0,0,1,1,0,7,10,6,6,19,0
117,anunn38@barnesandnoble.com,38,24,65,42.33333333,0,0,0,0,1,1,1,5,7,6,5,8,0
118,lcordey39@mayoclinic.com,14,16,60,30,0,0,0,1,0,0,1,2,9,2,5,78,0
119,facock3a@sourceforge.net,40,39,13,30.66666667,0,0,0,0,0,1,0,4,10,5,3,26,0
120,fchaperling3b@psu.edu,71,57,17,48.33333333,0,0,0,1,0,0,0,3,10,5,6,62,0
121,mdilgarno3c@diigo.com,69,96,49,71.33333333,1,1,1,0,1,0,0,6,10,5,10,71,1
122,hspread3d@gnu.org,84,21,81,62,1,1,1,1,0,0,0,10,9,9,9,1,1
123,asheavills3e@illinois.edu,60,38,37,45,1,1,1,1,1,1,0,10,8,2,5,47,1
124,sforth3f@behance.net,85,75,54,71.33333333,1,1,1,0,0,1,1,10,8,6,6,26,1
125,cbordes3g@rambler.ru,70,22,79,57,1,1,1,1,1,0,1,7,9,6,3,86,1
126,weary3h@surveymonkey.com,70,14,80,54.66666667,1,1,1,0,0,1,1,10,10,3,6,12,1
127,dstrothers3i@time.com,72,41,33,48.66666667,0,0,0,1,1,0,0,5,8,3,4,93,0
128,scottom3j@wisc.edu,39,20,19,26,0,0,0,1,1,1,1,3,7,6,3,96,0
129,adilley3k@apple.com,92,58,24,58,1,1,1,1,0,1,1,4,5,1,3,49,1
130,knajera3l@smh.com.au,88,44,74,68.66666667,1,1,1,1,0,0,1,9,10,8,3,63,1
131,akillingbeck3m@yahoo.com,34,36,43,37.66666667,0,0,0,1,1,0,0,1,1,6,9,10,0
132,ftincey3n@ocn.ne.jp,34,62,25,40.33333333,0,0,0,1,1,0,1,5,10,10,2,97,0
133,ranselmi3o@arizona.edu,23,95,75,64.33333333,1,1,1,0,1,1,1,8,1,4,9,58,1
134,osamsworth3p@springer.com,59,98,61,72.66666667,1,1,1,1,0,1,1,3,5,6,7,49,1
135,afruser3q@gmpg.org,82,45,69,65.33333333,1,1,1,0,1,0,1,6,4,8,2,22,1
136,wpegram3r@techcrunch.com,15,30,40,28.33333333,0,0,0,1,1,1,0,7,3,4,10,61,0
137,cambrogiotti3s@google.de,69,17,31,39,0,0,0,1,0,1,1,3,2,1,3,43,0
138,glawton3t@i2i.jp,97,88,71,85.33333333,1,1,1,0,1,0,0,7,1,6,2,53,1
139,iducker3u@jugem.jp,78,36,91,68.33333333,1,1,1,0,1,1,0,5,4,2,5,81,1
140,pbellringer3v@google.ca,85,74,80,79.66666667,1,1,1,1,0,1,1,10,1,4,8,47,1
141,fswancott3w@washingtonpost.com,65,64,22,50.33333333,1,1,1,0,1,1,1,1,5,9,5,41,1
142,thackley3x@globo.com,98,59,38,65,1,1,1,1,1,1,1,9,6,8,7,25,1
143,aconry3y@pen.io,40,35,99,58,1,1,1,1,1,1,1,10,7,2,1,77,1
144,ckilfeder3z@ed.gov,14,14,28,18.66666667,0,0,0,0,1,0,0,5,7,10,1,23,0
145,gingold40@baidu.com,25,99,83,69,1,1,1,1,1,0,0,1,4,3,10,90,1
146,apaoletti41@fema.gov,49,51,42,47.33333333,0,0,0,1,1,1,0,3,6,2,6,11,0
147,sgabler42@blogtalkradio.com,78,53,72,67.66666667,1,1,1,0,1,1,1,3,4,7,2,39,1
148,gshadrach43@jugem.jp,64,60,44,56,1,1,1,0,1,1,1,4,3,10,3,68,1
149,ogreystock44@utexas.edu,19,65,69,51,1,1,1,1,0,0,0,4,7,1,10,13,1
150,lelverston45@auda.org.au,52,21,94,55.66666667,1,1,1,0,0,0,0,1,8,5,8,100,1
151,lander46@phpbb.com,13,28,65,35.33333333,0,0,0,1,0,1,0,9,6,3,2,84,0
152,lmcconnulty47@weather.com,49,58,41,49.33333333,0,0,0,0,0,1,1,7,4,7,5,14,0
153,dmaccallister48@github.io,97,65,72,78,1,1,1,1,1,1,0,4,4,7,1,81,1
154,uemmitt49@yellowbook.com,47,14,86,49,0,0,0,0,0,1,1,2,3,4,9,56,0
155,mcayser4a@alibaba.com,30,73,68,57,1,1,1,0,1,0,0,8,4,8,1,74,1
156,upethick4b@virginia.edu,68,68,41,59,1,1,1,0,0,0,0,1,6,9,2,76,1
157,mtrewhella4c@google.cn,41,29,47,39,0,0,0,1,1,1,0,10,10,2,5,38,0
158,dgrigorini4d@google.ru,51,91,69,70.33333333,1,1,1,0,1,0,0,7,7,2,8,21,1
159,mgroocock4e@huffingtonpost.com,62,32,76,56.66666667,1,1,1,1,1,1,0,10,7,10,9,83,1
160,cdovydenas4f@boston.com,82,75,84,80.33333333,1,1,1,1,1,0,0,1,8,9,5,87,1
161,dmethringham4g@wsj.com,36,63,77,58.66666667,1,1,1,0,0,1,0,1,6,9,10,82,1
162,frowat4h@ucoz.ru,24,78,20,40.66666667,0,0,0,1,1,0,0,5,7,9,2,59,0
163,tfeldharker4i@google.it,87,29,70,62,1,1,1,0,0,0,0,7,8,5,4,41,1
164,amutlow4j@illinois.edu,74,86,96,85.33333333,1,1,1,0,1,0,0,10,10,9,8,18,1
165,uletchford4k@google.nl,77,89,47,71,1,1,1,1,1,0,0,5,5,9,10,65,1
166,obirchwood4l@youku.com,23,19,39,27,0,0,0,1,0,0,0,7,6,2,3,23,0
167,asaterthwait4m@abc.net.au,50,44,91,61.66666667,1,1,1,0,0,0,0,5,10,7,2,49,1
168,lmcbain4n@mit.edu,20,30,73,41,0,0,0,1,1,1,0,10,8,4,8,9,0
169,sewbach4o@paypal.com,52,41,80,57.66666667,1,1,1,1,0,0,0,9,8,3,3,60,1
170,efitzsimmons4p@cbc.ca,44,59,24,42.33333333,0,0,0,0,0,0,1,8,3,8,6,33,0
171,ekorneluk4q@barnesandnoble.com,66,49,26,47,0,0,0,1,1,0,1,9,9,2,10,88,0
172,valeavy4r@ucoz.com,11,100,32,47.66666667,0,0,0,0,1,1,0,10,10,7,5,41,0
173,bmillership4s@multiply.com,50,88,47,61.66666667,1,1,1,1,0,1,0,3,7,10,1,66,1
174,ichard4t@dropbox.com,51,54,53,52.66666667,1,1,1,1,1,1,0,10,7,6,8,21,1
175,kianetti4u@goo.gl,81,81,29,63.66666667,1,1,1,0,0,1,0,8,7,4,2,50,1
176,gvenner4v@g.co,50,98,66,71.33333333,1,1,1,1,0,1,1,4,10,10,10,71,1
177,dhaseman4w@domainmarket.com,54,61,72,62.33333333,1,1,1,1,0,1,1,8,2,7,9,10,1
178,fgosford4x@creativecommons.org,96,73,25,64.66666667,1,1,1,1,0,1,1,10,4,8,5,40,1
179,nbaalham4y@google.it,24,23,54,33.66666667,0,0,0,0,1,1,0,6,5,9,2,96,0
180,obrimble4z@upenn.edu,87,77,32,65.33333333,1,1,1,0,0,1,0,3,10,3,9,27,1
181,smyers50@woothemes.com,88,19,39,48.66666667,0,0,0,0,0,0,0,7,7,4,7,67,0
182,kropkes51@cargocollective.com,94,51,26,57,1,1,1,1,1,1,0,6,6,7,8,30,1
183,gkivelhan52@arizona.edu,14,59,58,43.66666667,0,0,0,0,1,0,1,6,6,9,6,82,0
184,kklaussen53@sphinn.com,63,86,84,77.66666667,0,0,0,0,1,1,1,10,8,3,4,97,0
185,aknath54@devhub.com,70,23,76,56.33333333,1,1,1,0,1,0,0,3,8,5,3,97,1
186,eollett55@quantcast.com,83,12,93,62.66666667,1,1,1,1,0,0,1,9,2,4,3,39,1
187,lbladge56@columbia.edu,57,76,27,53.33333333,1,1,1,1,1,1,1,7,7,7,4,8,1
188,cjarrold57@ft.com,44,31,89,54.66666667,1,1,1,1,0,1,1,10,7,5,5,34,1
189,emynett58@newsvine.com,57,38,78,57.66666667,1,1,1,0,0,1,0,2,3,8,5,81,1
190,rletty59@flickr.com,37,60,43,46.66666667,0,0,0,1,0,1,0,2,5,7,3,85,0
191,kpeperell5a@nih.gov,91,14,17,40.66666667,0,0,0,1,0,1,0,4,8,3,6,18,0
192,hsidary5b@youtu.be,29,10,28,22.33333333,0,0,0,1,1,1,1,7,7,5,4,24,0
193,lspeakman5c@163.com,36,48,26,36.66666667,0,0,0,1,1,0,0,8,3,8,5,38,0
194,nmatei5d@shareasale.com,91,81,84,85.33333333,1,1,1,0,1,0,0,5,10,2,8,26,1
195,hwhereat5e@hp.com,62,27,63,50.66666667,1,1,1,0,1,0,1,9,8,3,6,29,1
196,cholywell5f@technorati.com,67,79,40,62,1,1,1,0,1,1,1,8,9,3,8,100,1
197,gcordsen5g@trellian.com,72,88,87,82.33333333,1,1,1,0,0,1,0,10,4,8,4,26,1
198,hgraveney5h@netvibes.com,15,66,68,49.66666667,0,0,0,0,0,1,1,5,10,9,9,19,0
199,rpudner5i@vimeo.com,88,13,11,37.33333333,0,0,0,0,1,1,1,4,9,6,4,49,0
200,tbanner5j@google.ru,78,33,33,48,0,0,0,0,0,0,1,8,9,6,6,43,0
201,hlynde5k@arstechnica.com,52,82,84,72.66666667,1,1,1,0,0,0,1,6,5,1,4,86,1
202,dbalser5l@studiopress.com,44,94,84,74,1,1,1,0,1,0,0,3,6,2,7,3,1
203,gblaksland5m@si.edu,85,46,100,77,1,1,1,1,1,1,1,1,3,5,1,51,1
204,jloxdale5n@wp.com,43,35,89,55.66666667,1,1,1,0,0,0,0,5,5,7,10,87,1
205,htousy5o@twitpic.com,27,72,92,63.66666667,1,1,1,0,0,1,0,7,10,3,1,82,1
206,ubeddie5p@bloglines.com,20,23,88,43.66666667,0,0,0,0,1,0,1,8,3,4,7,10,0
207,bjindrak5q@nbcnews.com,70,35,65,56.66666667,1,1,1,0,1,0,0,1,3,9,5,48,1
208,liacobucci5r@google.cn,73,48,22,47.66666667,0,0,0,0,0,0,0,9,5,5,3,54,0
209,rrichel5s@jiathis.com,71,20,17,36,0,0,0,1,0,1,1,10,9,8,6,92,0
210,awildsmith5t@tiny.cc,95,74,37,68.66666667,1,1,1,1,1,0,1,4,4,3,8,30,1
211,bgrushin5u@economist.com,75,60,11,48.66666667,0,0,0,0,1,0,0,8,8,7,7,65,0
212,obovis5v@globo.com,70,53,52,58.33333333,1,1,1,0,0,0,0,5,7,2,6,9,1
213,ncran5w@imageshack.us,15,59,74,49.33333333,0,0,0,1,0,0,0,4,5,10,3,16,0
214,shiddsley5x@earthlink.net,40,13,87,46.66666667,0,0,0,0,1,0,1,9,6,2,4,96,0
215,npeealess5y@amazonaws.com,15,41,25,27,0,0,0,0,0,0,0,2,7,9,9,37,0
216,cbrackpool5z@mlb.com,33,31,34,32.66666667,0,0,0,1,1,0,0,2,4,3,8,90,0
217,bsumers60@theatlantic.com,59,48,86,64.33333333,1,1,1,1,0,0,1,10,9,7,4,98,1
218,sdunwoody61@imdb.com,19,50,33,34,0,0,0,0,0,1,1,8,10,3,9,33,0
219,abourthoumieux62@usda.gov,73,38,51,54,1,1,1,1,1,1,1,1,6,7,7,27,1
220,mjoseph63@bluehost.com,30,95,72,65.66666667,1,1,1,1,1,0,0,3,10,5,8,81,1
221,zassandri64@symantec.com,37,56,91,61.33333333,1,1,1,1,0,1,1,8,9,1,2,69,1
222,ayaneev65@about.com,89,22,54,55,1,1,1,0,0,0,1,6,9,8,6,74,1
223,msnazel66@jugem.jp,35,35,61,43.66666667,0,0,0,1,0,0,1,7,10,2,6,64,0
224,rflorence67@cocolog-nifty.com,10,71,38,39.66666667,0,0,0,1,0,1,0,6,10,7,5,48,0
225,tcoughan68@msu.edu,81,27,41,49.66666667,0,0,0,1,1,1,0,4,1,5,6,41,0
226,fgander69@is.gd,30,88,40,52.66666667,1,1,1,1,1,0,0,10,8,4,10,97,1
227,gcholwell6a@pinterest.com,38,49,98,61.66666667,1,1,1,0,1,1,1,8,9,2,10,3,1
228,mpassman6b@bigcartel.com,61,34,41,45.33333333,0,0,0,0,1,1,0,2,9,8,6,50,0
229,rwright6c@people.com.cn,29,16,25,23.33333333,0,0,0,0,0,1,0,3,7,4,2,28,0
230,jsympson6d@sitemeter.com,55,68,84,69,1,1,1,1,0,1,0,9,10,3,6,64,1
231,dlydden6e@simplemachines.org,81,81,79,80.33333333,1,1,1,1,1,0,1,8,6,8,10,28,1
232,cede6f@spiegel.de,72,32,24,42.66666667,0,0,0,1,0,0,0,8,5,1,2,9,0
233,bpedroni6g@apple.com,70,86,51,69,1,1,1,0,0,0,0,6,6,8,3,33,1
234,ccasbon6h@answers.com,59,41,51,50.33333333,1,1,1,0,1,0,1,3,8,4,4,96,1
235,gkubicki6i@msu.edu,18,13,68,33,0,0,0,1,0,0,0,2,8,10,9,45,0
236,njarratt6j@howstuffworks.com,22,25,83,43.33333333,0,0,0,1,1,0,0,4,3,5,9,73,0
237,lconduit6k@soundcloud.com,72,58,73,67.66666667,1,1,1,0,1,0,0,5,10,3,9,89,1
238,kdana6l@twitter.com,88,94,37,73,1,1,1,1,0,0,1,3,6,9,1,73,1
239,kbeddis6m@w3.org,72,57,20,49.66666667,0,0,0,1,0,0,0,7,3,5,10,46,0
240,oglozman6n@timesonline.co.uk,92,63,74,76.33333333,1,1,1,0,1,1,0,1,6,1,3,32,1
241,bcord6o@seattletimes.com,15,30,33,26,0,0,0,1,0,0,1,9,5,9,4,58,0
242,bvandenoord6p@who.int,24,74,26,41.33333333,0,0,0,0,0,1,0,1,8,7,9,10,0
243,nkahen6q@ucla.edu,63,84,85,77.33333333,1,1,1,1,0,0,1,10,6,8,4,89,1
244,mgorling6r@fotki.com,13,23,43,26.33333333,0,0,0,1,0,0,1,5,10,2,6,14,0
245,ygeard6s@digg.com,48,94,41,61,1,1,1,0,1,1,1,2,5,10,8,2,1
246,aeast6t@storify.com,19,91,32,47.33333333,0,0,0,0,1,1,1,4,9,8,10,96,0
247,twardesworth6u@about.com,47,90,28,55,1,1,1,0,0,0,0,3,4,3,6,32,1
248,chealings6v@cafepress.com,16,49,95,53.33333333,1,1,1,0,1,1,0,2,2,1,10,34,1
249,croland6w@bbc.co.uk,88,69,18,58.33333333,1,1,1,1,0,1,0,8,5,7,9,59,1
250,cwelham6x@myspace.com,22,19,34,25,0,0,0,1,0,0,0,2,2,3,4,12,0
251,fzanuciolii6y@bigcartel.com,85,73,56,71.33333333,1,1,1,0,0,0,0,1,2,6,1,96,1
252,mpauwel6z@google.co.jp,80,76,36,64,1,1,1,0,1,0,1,10,8,10,5,31,1
253,tlorent70@pinterest.com,26,32,81,46.33333333,0,0,0,0,1,1,0,6,10,3,5,74,0
254,ndegowe71@omniture.com,53,98,41,64,1,1,1,1,0,1,1,10,4,10,4,10,1
255,dclougher72@privacy.gov.au,47,51,92,63.33333333,1,1,1,1,1,1,0,3,9,7,3,76,1
256,mbrandsen73@ftc.gov,35,47,37,39.66666667,0,0,0,1,1,1,1,3,6,6,1,92,0
257,ctesh74@cnn.com,83,37,16,45.33333333,0,0,0,1,0,0,1,9,9,3,7,8,0
258,kkeer75@google.it,62,12,62,45.33333333,0,0,0,1,0,0,0,4,7,10,5,4,0
259,swrettum76@arstechnica.com,18,62,89,56.33333333,1,1,1,0,0,1,1,7,1,2,9,23,1
260,ewitham77@fda.gov,11,39,62,37.33333333,0,0,0,1,0,1,0,5,4,1,10,24,0
261,ksent78@dell.com,31,30,50,37,0,0,0,1,1,1,0,4,2,3,6,42,0
262,sblaszczynski79@whitehouse.gov,59,75,88,74,1,1,1,0,1,1,0,4,5,8,6,91,1
263,efrith7a@youku.com,36,87,51,58,1,1,1,1,1,1,1,3,5,4,6,60,1
264,mstoneham7b@craigslist.org,24,18,35,25.66666667,0,0,0,0,0,0,1,5,5,2,4,46,0
265,mwoodstock7c@sohu.com,97,43,75,71.66666667,1,1,1,1,1,1,1,5,5,7,7,33,1
266,amorrel7d@nytimes.com,31,94,35,53.33333333,1,1,1,0,1,0,0,10,1,1,5,37,1
267,nbenam7e@delicious.com,14,32,48,31.33333333,0,0,0,1,0,0,0,10,4,5,4,12,0
268,amotton7f@unicef.org,95,79,63,79,1,1,1,1,0,1,1,5,9,9,2,16,1
269,miwanicki7g@tinyurl.com,97,65,94,85.33333333,1,1,1,0,0,1,0,8,4,8,1,65,1
270,sscrivner7h@noaa.gov,23,71,82,58.66666667,0,0,0,0,1,0,0,1,9,6,6,29,0
271,ftocqueville7i@example.com,29,30,37,32,0,0,0,0,0,1,0,7,3,2,10,42,0
272,bklasing7j@liveinternet.ru,44,83,25,50.66666667,1,1,1,0,0,0,1,6,1,6,6,38,1
273,mnobriga7k@a8.net,56,94,33,61,1,1,1,0,1,0,0,7,4,2,1,43,1
274,dfoucar7l@slate.com,48,83,31,54,1,1,1,0,0,1,0,2,10,9,8,12,1
275,mklaussen7m@census.gov,88,83,67,79.33333333,1,1,1,0,1,1,0,4,8,6,7,45,1
276,cjenk7n@macromedia.com,35,48,45,42.66666667,0,0,0,1,1,1,1,3,8,2,9,40,0
277,kpasse7o@goodreads.com,19,63,53,45,0,0,0,1,0,1,1,7,7,8,4,73,0
278,sswires7p@wix.com,97,12,40,49.66666667,0,0,0,1,0,1,0,9,2,2,7,6,0
279,eroscam7q@pbs.org,41,51,42,44.66666667,0,0,0,0,1,1,1,3,9,1,3,57,0
280,cmawman7r@nyu.edu,93,70,99,87.33333333,1,1,1,1,0,1,0,4,1,3,9,28,1
281,cbonus7s@yolasite.com,57,24,60,47,0,0,0,1,0,0,1,4,3,4,8,60,0
282,rcrookes7t@europa.eu,23,31,44,32.66666667,0,0,0,0,1,1,1,8,10,6,1,10,0
283,kcrossgrove7u@google.com.hk,60,79,40,59.66666667,1,1,1,0,1,0,1,3,10,7,5,49,1
284,sbuse7v@wiley.com,96,48,48,64,1,1,1,0,1,1,1,6,2,4,3,45,1
285,nheartfield7w@cdc.gov,98,76,99,91,1,1,1,1,1,1,0,5,1,1,3,98,1
286,vdobel7x@google.pl,33,56,80,56.33333333,1,1,1,1,1,0,0,6,6,6,4,46,1
287,sklemps7y@jugem.jp,57,39,41,45.66666667,0,0,0,0,1,1,1,7,1,7,4,68,0
288,rjessope7z@smugmug.com,100,34,85,73,1,1,1,0,1,1,0,2,1,9,2,24,1
289,gstoll80@tripod.com,58,42,78,59.33333333,1,1,1,1,1,0,0,2,5,7,7,79,1
290,mreggler81@wiley.com,18,24,91,44.33333333,0,0,0,0,0,0,0,9,7,10,1,50,0
291,akettles82@youku.com,63,30,52,48.33333333,0,0,0,1,1,1,1,2,7,10,10,8,0
292,dsewall83@goo.gl,85,41,51,59,1,1,1,0,0,0,0,7,4,3,10,57,1
293,msalling84@drupal.org,41,53,96,63.33333333,1,1,1,0,1,0,0,6,8,1,6,77,1
294,troels85@de.vu,47,39,35,40.33333333,0,0,0,0,0,0,0,3,6,10,9,50,0
295,adairton86@angelfire.com,42,90,22,51.33333333,1,1,1,1,1,0,1,5,4,1,10,84,1
296,tgoss87@biblegateway.com,37,36,37,36.66666667,0,0,0,0,1,0,1,1,4,7,9,3,0
297,fhundell88@yelp.com,31,52,29,37.33333333,0,0,0,0,0,1,1,7,5,2,7,39,0
298,sedis89@surveymonkey.com,56,37,47,46.66666667,0,0,0,1,1,0,0,8,9,1,8,69,0
299,edwane8a@nsw.gov.au,48,35,28,37,0,0,0,1,1,1,1,3,8,4,6,38,0
300,aghelardoni8b@indiatimes.com,25,47,71,47.66666667,0,0,0,0,0,0,1,8,1,1,8,21,0
301,lsnap8c@digg.com,20,28,98,48.66666667,0,0,0,1,0,1,1,5,6,8,9,73,0
302,ckither8d@ucla.edu,45,59,83,62.33333333,1,1,1,1,0,0,0,3,10,1,7,88,1
303,cgodly8e@cnbc.com,72,21,51,48,0,0,0,0,1,0,1,8,4,9,2,61,0
304,btuffs8f@reddit.com,40,37,61,46,0,0,0,1,0,0,0,9,7,4,8,80,0
305,kreily8g@ovh.net,21,76,90,62.33333333,1,1,1,0,0,0,1,9,8,10,3,88,1
306,gmulheron8h@technorati.com,58,100,38,65.33333333,1,1,1,0,0,1,0,1,1,1,6,1,1
307,lbonefant8i@latimes.com,82,47,98,75.66666667,1,1,1,1,1,0,1,9,3,8,10,62,1
308,lmcguigan8j@springer.com,20,13,64,32.33333333,0,0,0,0,0,1,0,4,4,8,5,58,0
309,cgadie8k@newsvine.com,20,35,81,45.33333333,0,0,0,0,1,1,0,6,10,2,4,29,0
310,eseedhouse8l@nymag.com,53,11,52,38.66666667,0,0,0,0,0,0,0,6,3,6,10,34,0
311,ghilland8m@comcast.net,98,59,13,56.66666667,1,1,1,1,0,0,0,1,7,6,2,92,1
312,fweippert8n@1und1.de,22,92,61,58.33333333,1,1,1,0,1,1,1,3,9,2,3,10,1
313,lpeltzer8o@slate.com,100,20,56,58.66666667,1,1,1,0,1,1,0,9,5,6,5,47,1
314,hbouette8p@msn.com,72,17,24,37.66666667,0,0,0,0,0,0,0,5,8,6,9,99,0
315,fstyan8q@histats.com,24,87,45,52,1,1,1,0,1,1,0,7,4,8,7,35,1
316,csneezem8r@tiny.cc,57,85,89,77,1,1,1,0,1,0,1,2,2,10,10,37,1
317,ageorgiades8s@slashdot.org,100,95,76,90.33333333,1,1,1,1,0,1,0,10,3,4,1,63,1
318,cjachimczak8t@blogtalkradio.com,31,56,64,50.33333333,1,1,1,1,0,1,0,8,3,2,8,4,1
319,abeckwith8u@berkeley.edu,59,93,69,73.66666667,1,1,1,1,1,0,1,4,9,8,5,3,1
320,kgifford8v@behance.net,72,13,30,38.33333333,0,0,0,0,0,0,0,4,7,10,2,66,0
321,cfellgate8w@ucoz.ru,41,41,35,39,0,0,0,0,1,0,1,7,2,3,10,82,0
322,llascelles8x@angelfire.com,86,18,89,64.33333333,1,1,1,0,1,0,1,3,1,3,9,85,1
323,hlendon8y@oracle.com,100,68,75,81,1,1,1,1,0,1,0,2,4,5,10,73,1
324,abartosek8z@hud.gov,65,91,43,66.33333333,1,1,1,0,0,0,0,2,7,2,10,67,1
325,bdix90@linkedin.com,97,49,79,75,1,1,1,1,1,1,1,10,10,7,4,71,1
326,sleaman91@bloglovin.com,11,20,49,26.66666667,0,0,0,1,1,1,1,10,10,2,2,63,0
327,ochicco92@squarespace.com,60,93,45,66,1,1,1,0,0,1,1,6,2,1,10,48,1
328,lbiernat93@lulu.com,89,11,89,63,1,1,1,1,1,0,0,1,6,4,6,14,1
329,rcamden94@hud.gov,48,91,37,58.66666667,1,1,1,1,0,1,1,8,4,6,6,27,1
330,ykittredge95@goo.ne.jp,37,84,70,63.66666667,1,1,1,0,0,0,1,5,2,7,8,51,1
331,peveleigh96@clickbank.net,44,91,47,60.66666667,1,1,1,1,0,0,0,1,7,8,10,62,1
332,ldinsmore97@salon.com,19,37,78,44.66666667,0,0,0,0,1,1,0,5,2,1,6,70,0
333,dbairnsfather98@toplist.cz,83,35,43,53.66666667,1,1,1,1,0,1,1,10,5,3,7,48,1
334,rconner99@wp.com,63,71,94,76,1,1,1,1,0,0,0,10,10,5,9,81,1
335,cfarnworth9a@flavors.me,63,39,70,57.33333333,1,1,1,1,1,1,1,3,6,8,5,78,1
336,ceades9b@apache.org,84,84,91,86.33333333,1,1,1,1,0,0,1,4,9,9,4,35,1
337,lsorby9c@jiathis.com,35,81,99,71.66666667,1,1,1,1,0,1,1,6,9,1,8,53,1
338,nlebreton9d@statcounter.com,62,31,27,40,0,0,0,0,0,1,1,7,9,1,1,43,0
339,khawkins9e@phoca.cz,33,95,28,52,1,1,1,1,1,0,1,1,10,6,4,31,1
340,lkemp9f@google.es,91,45,51,62.33333333,1,1,1,0,0,1,0,8,2,2,9,95,1
341,dmatthai9g@irs.gov,63,64,13,46.66666667,0,0,0,1,0,0,1,5,9,10,5,18,0
342,aleech9h@businessweek.com,41,32,74,49,0,0,0,1,0,0,1,4,1,4,9,4,0
343,hverity9i@hostgator.com,90,30,59,59.66666667,1,1,1,0,1,1,0,9,6,10,8,22,1
344,nlusher9j@mit.edu,66,28,90,61.33333333,1,1,1,1,0,1,0,3,5,9,7,5,1
345,ppannett9k@blog.com,55,69,60,61.33333333,1,1,1,1,0,0,1,7,3,2,8,41,1
346,santognozzii9l@telegraph.co.uk,57,80,41,59.33333333,1,1,1,1,1,1,1,2,3,3,3,91,1
347,mlindhe9m@zimbio.com,87,87,53,75.66666667,1,1,1,1,1,1,1,2,2,5,2,26,1
348,cmatyugin9n@squarespace.com,91,64,70,75,1,1,1,1,0,1,1,4,7,2,9,40,1
349,njenne9o@gov.uk,31,83,34,49.33333333,0,0,0,0,0,1,1,8,1,9,8,18,0
350,mholgan9p@smh.com.au,71,89,50,70,1,1,1,1,0,0,1,2,5,10,7,30,1
351,tdonner9q@google.co.jp,69,28,38,45,0,0,0,0,0,0,1,3,9,6,2,57,0
352,kgylle9r@businessinsider.com,30,35,41,35.33333333,0,0,0,0,0,1,0,5,4,6,5,64,0
353,syeabsley9s@salon.com,29,38,93,53.33333333,1,1,1,1,1,0,0,10,7,6,2,32,1
354,bhennemann9t@barnesandnoble.com,42,43,74,53,1,1,1,1,1,1,1,10,5,1,2,74,1
355,gsomers9u@wikimedia.org,13,100,54,55.66666667,1,1,1,1,0,0,0,7,3,1,6,37,1
356,wwhitlow9v@goodreads.com,98,24,30,50.66666667,1,1,1,0,1,0,1,10,10,1,8,42,1
357,gcaig9w@nydailynews.com,65,43,18,42,0,0,0,0,0,1,0,5,10,2,4,0,0
358,lprott9x@vk.com,81,85,57,74.33333333,1,1,1,1,1,1,1,10,1,2,2,73,1
359,merrowe9y@live.com,33,71,70,58,1,1,1,1,0,0,0,10,8,7,5,85,1
360,kgot9z@cnet.com,100,39,66,68.33333333,1,1,1,0,1,0,0,8,7,8,3,56,1
361,creitenbacha0@clickbank.net,49,88,69,68.66666667,1,1,1,0,1,0,0,3,7,10,8,38,1
362,ceslanda1@weibo.com,99,83,74,85.33333333,1,1,1,1,1,1,0,10,2,5,4,66,1
363,cesleya2@cnn.com,84,63,26,57.66666667,1,1,1,1,0,0,0,10,9,9,1,35,1
364,tbestwalla3@scribd.com,74,100,65,79.66666667,1,1,1,0,0,1,1,10,10,4,7,27,1
365,rairliea4@prweb.com,22,51,21,31.33333333,0,0,0,1,1,1,0,1,2,1,4,63,0
366,nsawlea5@yale.edu,52,58,97,69,1,1,1,1,1,1,0,2,4,6,9,85,1
367,erosellinia6@uiuc.edu,66,11,70,49,0,0,0,0,0,0,0,7,7,4,6,96,0
368,lbrasenera7@sogou.com,89,48,61,66,1,1,1,1,0,0,1,3,10,3,9,40,1
369,agricea8@independent.co.uk,50,34,33,39,0,0,0,0,1,0,1,4,10,1,6,11,0
370,jdeboicka9@freewebs.com,17,78,41,45.33333333,0,0,0,1,1,0,1,5,10,4,6,61,0
371,charteaa@behance.net,65,19,89,57.66666667,1,1,1,1,1,0,1,1,4,4,10,21,1
372,ztanslieab@plala.or.jp,99,99,30,76,1,1,1,0,1,0,0,10,6,9,4,3,1
373,lgrindleyac@ning.com,20,63,58,47,0,0,0,1,1,0,0,6,6,1,1,56,0
374,kwhitwellad@t-online.de,61,64,65,63.33333333,1,1,1,0,1,0,1,1,6,1,2,79,1
375,tnelhamsae@google.es,93,60,83,78.66666667,1,1,1,1,0,0,0,7,5,3,2,27,1
376,asessionsaf@yahoo.com,30,54,93,59,1,1,1,0,0,0,1,8,1,10,1,76,1
377,ebrentnallag@sohu.com,35,82,22,46.33333333,0,0,0,0,1,1,1,7,3,10,1,45,0
378,callakerah@columbia.edu,89,81,38,69.33333333,1,1,1,1,1,0,1,1,6,6,2,56,1
379,qhaquinai@digg.com,10,91,70,57,1,1,1,1,1,1,1,5,5,7,3,76,1
380,odennettaj@adobe.com,65,53,91,69.66666667,1,1,1,1,0,0,0,2,9,4,4,75,1
381,vridsdoleak@oaic.gov.au,66,67,19,50.66666667,1,1,1,1,0,0,1,8,5,5,1,83,1
382,tblanchetal@smh.com.au,47,27,30,34.66666667,0,0,0,0,0,1,0,10,9,6,9,59,0
383,tbuggeam@stumbleupon.com,20,76,44,46.66666667,0,0,0,1,0,0,0,4,3,2,9,80,0
384,mlambertinian@amazonaws.com,81,23,19,41,0,0,0,0,1,1,1,10,1,9,8,45,0
385,asimoniteao@alibaba.com,81,71,37,63,1,1,1,1,0,0,0,4,5,2,2,81,1
386,sdruettap@smugmug.com,85,72,56,71,1,1,1,1,0,0,1,1,8,2,7,35,1
387,rpealingaq@va.gov,58,62,65,61.66666667,1,1,1,0,1,0,1,1,7,6,8,10,1
388,akenninghamar@miibeian.gov.cn,15,20,55,30,0,0,0,1,1,0,0,1,10,9,5,80,0
389,dbrokeas@ovh.net,72,97,52,73.66666667,1,1,1,1,0,1,1,3,3,3,1,30,1
390,rmicheuat@slideshare.net,73,62,78,71,1,1,1,0,0,0,1,7,10,4,4,57,1
391,gluffau@ftc.gov,86,71,23,60,1,1,1,1,1,0,1,10,9,3,1,31,1
392,scordieav@alibaba.com,61,19,28,36,0,0,0,1,1,1,1,2,7,10,8,62,0
393,tplewsaw@ocn.ne.jp,83,57,58,66,1,1,1,1,0,0,0,8,3,9,10,89,1
394,raiersax@sohu.com,75,39,42,52,1,1,1,0,0,0,1,3,4,8,9,46,1
395,nzanioloay@blinklist.com,79,60,39,59.33333333,1,1,1,0,0,1,1,6,8,5,3,71,1
396,cbagnalaz@nasa.gov,57,51,38,48.66666667,0,0,0,1,0,0,1,7,7,7,5,83,0
397,ofairpoolb0@cnet.com,16,43,14,24.33333333,0,0,0,1,1,1,1,3,7,10,9,89,0
398,kchoudhuryb1@bravesites.com,38,78,21,45.66666667,0,0,0,1,0,0,1,6,7,9,9,81,0
399,efollinb2@goo.gl,12,41,28,27,0,0,0,0,0,0,1,5,3,2,10,69,0
400,yroddieb3@wp.com,72,19,87,59.33333333,1,1,1,1,1,0,1,4,1,3,7,27,1
401,fspellicyb4@ucsd.edu,14,65,71,50,1,1,1,0,0,1,0,9,7,9,2,76,1
402,blearoydeb5@cafepress.com,24,62,50,45.33333333,0,0,0,0,1,1,1,8,4,3,4,90,0
403,rziemb6@gravatar.com,11,58,63,44,0,0,0,1,0,0,1,7,10,9,3,38,0
404,clealleb7@wikia.com,56,14,38,36,0,0,0,0,0,1,1,5,9,4,10,8,0
405,cdavidavidovicsb8@adobe.com,79,61,19,53,1,1,1,1,0,1,1,8,3,10,3,59,1
406,cmoresbyb9@de.vu,23,62,14,33,0,0,0,0,0,0,1,9,5,4,2,65,0
407,dweeksba@theatlantic.com,47,34,94,58.33333333,1,1,1,1,0,0,1,9,3,7,6,45,1
408,cschenfischbb@comsenz.com,42,98,60,66.66666667,1,1,1,0,0,0,1,6,5,3,10,41,1
409,kwarburtonbc@delicious.com,23,23,62,36,0,0,0,1,1,0,0,6,10,5,8,64,0
410,famericibd@discovery.com,52,81,61,64.66666667,1,1,1,1,1,1,1,8,4,3,4,59,1
411,aobeebe@nydailynews.com,86,32,43,53.66666667,1,1,1,1,0,1,1,1,8,5,10,17,1
412,cgoodfellowbf@dot.gov,13,64,37,38,0,0,0,0,1,1,0,3,7,5,10,99,0
413,spesterfieldbg@sphinn.com,20,61,54,45,0,0,0,1,1,1,1,10,3,2,4,39,0
414,wrobbekebh@prweb.com,100,17,34,50.33333333,1,1,1,0,1,1,0,10,5,9,10,19,1
415,lwycliffebi@drupal.org,80,96,31,69,1,1,1,1,0,0,0,3,7,8,8,44,1
416,ccantwellbj@newyorker.com,30,74,77,60.33333333,1,1,1,0,0,0,1,8,6,9,7,41,1
417,bcaskiebk@godaddy.com,79,56,79,71.33333333,1,1,1,1,1,1,0,9,9,7,6,17,1
418,fbateupbl@statcounter.com,38,59,73,56.66666667,1,1,1,1,1,1,1,5,6,10,10,62,1
419,tcruftbm@tmall.com,26,63,36,41.66666667,0,0,0,0,1,0,1,4,9,2,1,91,0
420,gsagrottbn@jiathis.com,78,96,56,76.66666667,1,1,1,1,0,1,1,5,9,5,10,47,1
421,mgarreltsbo@macromedia.com,75,35,89,66.33333333,1,1,1,1,0,0,1,9,9,7,6,30,1
422,vmccutheonbp@cnn.com,24,74,20,39.33333333,0,0,0,1,0,1,0,7,2,10,1,6,0
423,pliebbq@cisco.com,90,84,52,75.33333333,1,1,1,0,0,0,0,1,2,4,7,69,1
424,iairdriebr@wikispaces.com,54,46,27,42.33333333,0,0,0,1,0,1,1,2,6,4,5,4,0
425,swoodleybs@sourceforge.net,61,98,69,76,1,1,1,1,1,0,1,1,9,2,5,83,1
426,bczajkowskabt@unicef.org,82,74,80,78.66666667,1,1,1,0,0,0,0,1,3,9,9,54,1
427,gvolettbu@angelfire.com,66,43,61,56.66666667,1,1,1,1,1,1,1,1,7,7,10,5,1
428,alautiebv@nationalgeographic.com,64,62,77,67.66666667,1,1,1,1,1,0,1,1,7,1,5,60,1
429,arawllbw@cornell.edu,20,74,92,62,1,1,1,0,1,0,1,1,9,9,9,42,1
430,eallibertonbx@woothemes.com,63,41,32,45.33333333,0,0,0,1,1,1,0,3,2,9,1,14,0
431,sbothaby@gnu.org,22,20,47,29.66666667,0,0,0,1,1,1,0,2,5,3,9,98,0
432,hbealesbz@adobe.com,54,10,23,29,0,0,0,0,0,0,1,5,6,3,8,12,0
433,hsiberyc0@webmd.com,27,70,10,35.66666667,0,0,0,0,1,0,0,6,1,6,4,9,0
434,mattwoollc1@dedecms.com,39,60,85,61.33333333,1,1,1,1,0,1,1,6,2,9,9,74,1
435,ecreavanc2@house.gov,32,47,46,41.66666667,0,0,0,1,1,0,1,8,7,7,3,39,0
436,ltzarkovc3@artisteer.com,52,37,85,58,1,1,1,0,1,1,0,2,7,3,6,61,1
437,mdantesiac4@skype.com,46,94,16,52,1,1,1,0,0,0,1,9,8,3,5,44,1
438,ggarnarc5@timesonline.co.uk,84,75,39,66,1,1,1,1,1,1,0,4,4,5,10,95,1
439,lbuckhamc6@fc2.com,94,45,34,57.66666667,1,1,1,0,0,1,1,10,2,7,9,57,1
440,hcreeghanc7@printfriendly.com,83,52,14,49.66666667,0,0,0,0,1,0,1,6,8,1,6,59,0
441,atollmachec8@state.tx.us,34,35,86,51.66666667,1,1,1,0,0,1,0,7,2,3,9,6,1
442,mvargasc9@fastcompany.com,64,39,56,53,1,1,1,1,0,0,0,6,7,4,8,23,1
443,qbarbieca@google.es,89,75,58,74,1,1,1,0,0,0,1,3,1,2,3,5,1
444,jdumingocb@dailymotion.com,47,36,41,41.33333333,0,0,0,0,1,0,0,5,8,6,3,85,0
445,mfoskencc@ning.com,52,21,84,52.33333333,1,1,1,0,1,1,0,9,4,4,8,17,1
446,mvittorecd@guardian.co.uk,81,18,85,61.33333333,1,1,1,1,1,1,0,2,9,9,9,79,1
447,kdelaguace@deliciousdays.com,82,88,99,89.66666667,1,1,1,1,0,0,1,1,8,3,4,59,1
448,bgrebercf@businessinsider.com,46,10,27,27.66666667,0,0,0,0,1,0,0,8,5,6,8,96,0
449,aheiblcg@google.co.jp,39,84,36,53,1,1,1,0,0,1,0,4,10,4,9,48,1
450,theatheringtonch@usgs.gov,78,41,60,59.66666667,1,1,1,0,0,0,1,4,9,10,10,20,1
451,bmalinsci@xrea.com,26,45,70,47,0,0,0,0,0,1,1,2,7,3,7,34,0
452,wkirknesscj@aol.com,25,69,15,36.33333333,0,0,0,1,1,0,1,5,2,5,3,52,0
453,vliversidgeck@zdnet.com,36,69,47,50.66666667,1,1,1,0,1,1,1,5,10,8,3,44,1
454,theazelcl@devhub.com,10,35,17,20.66666667,0,0,0,0,1,0,0,5,10,5,5,89,0
455,lchacecm@geocities.jp,11,40,45,32,0,0,0,0,0,1,0,3,9,4,9,75,0
456,mlegricecn@wix.com,56,27,39,40.66666667,0,0,0,1,0,1,1,5,9,9,7,55,0
457,crandallco@creativecommons.org,86,81,90,85.66666667,1,1,1,1,1,0,0,3,6,1,9,5,1
458,rzarfatcp@furl.net,63,13,16,30.66666667,0,0,0,1,1,1,1,7,1,2,2,54,0
459,fmacalpynecq@plala.or.jp,29,67,46,47.33333333,0,0,0,0,0,0,0,6,1,4,6,21,0
460,obougencr@imgur.com,32,87,54,57.66666667,1,1,1,0,1,0,0,8,10,10,4,80,1
461,odiapercs@wufoo.com,27,97,53,59,1,1,1,1,0,0,0,10,8,2,2,5,1
462,wtapleyct@amazon.co.jp,87,87,68,80.66666667,1,1,1,1,1,1,1,4,1,1,9,74,1
463,rwalduckcu@cbsnews.com,41,74,30,48.33333333,0,0,0,0,0,1,0,6,5,4,5,35,0
464,istavescv@whitehouse.gov,12,37,80,43,0,0,0,1,0,1,1,8,5,1,9,15,0
465,ksharrattcw@etsy.com,32,94,15,47,0,0,0,1,1,1,0,5,3,8,3,85,0
466,cloadsmancx@noaa.gov,40,99,58,65.66666667,1,1,1,1,1,1,0,5,4,10,1,68,1
467,ucarnduffcy@technorati.com,61,26,46,44.33333333,0,0,0,0,0,1,1,3,9,9,6,32,0
468,fbeneditecz@geocities.jp,64,13,56,44.33333333,0,0,0,0,1,1,1,9,5,10,4,50,0
469,mmathond0@nih.gov,90,34,95,73,1,1,1,1,1,1,1,8,6,10,3,81,1
470,mfuzzensd1@dyndns.org,31,19,15,21.66666667,0,0,0,0,0,0,1,8,6,6,2,89,0
471,nklimpked2@goodreads.com,76,46,47,56.33333333,1,1,1,0,0,1,0,3,8,2,5,34,1
472,cjedrachowiczd3@wikia.com,57,77,58,64,1,1,1,1,0,0,0,5,9,1,9,45,1
473,adorosariod4@telegraph.co.uk,63,79,100,80.66666667,1,1,1,0,1,0,0,9,4,6,9,47,1
474,mbreazealld5@shinystat.com,51,58,19,42.66666667,0,0,0,1,1,1,1,2,5,8,4,20,0
475,smelsomed6@ca.gov,54,46,93,64.33333333,1,1,1,0,0,1,1,2,2,9,4,48,1
476,kromaynd7@google.nl,12,20,100,44,0,0,0,1,1,0,0,4,4,9,9,38,0
477,jarnaudetd8@google.es,31,73,93,65.66666667,1,1,1,0,1,0,0,4,9,5,3,69,1
478,hhatherelld9@mediafire.com,47,47,88,60.66666667,1,1,1,1,0,1,1,5,10,2,2,95,1
479,ktuppda@earthlink.net,68,22,29,39.66666667,0,0,0,1,1,1,0,5,10,6,4,3,0
480,cmcwilliamsdb@wix.com,98,60,86,81.33333333,1,1,1,0,1,0,1,9,2,9,2,15,1
481,lfollisdc@apple.com,28,77,17,40.66666667,0,0,0,0,1,0,0,7,7,8,10,78,0
482,awarrierdd@utexas.edu,90,25,84,66.33333333,1,1,1,0,0,1,1,9,5,5,6,32,1
483,athawde@imdb.com,64,83,76,74.33333333,1,1,1,1,0,0,0,10,2,5,7,96,1
484,lrammelldf@cocolog-nifty.com,82,67,40,63,1,1,1,1,0,1,1,2,5,1,9,92,1
485,jrobkerdg@people.com.cn,50,58,68,58.66666667,1,1,1,0,1,0,1,8,10,7,10,35,1
486,lboissierdh@mit.edu,59,50,44,51,1,1,1,1,1,0,1,7,7,2,9,71,1
487,dmafhamdi@webeden.co.uk,99,45,93,79,1,1,1,0,1,0,1,1,1,10,6,74,1
488,sgarrowdj@eepurl.com,98,21,53,57.33333333,1,1,1,0,1,1,0,6,3,6,6,22,1
489,skinmandk@wired.com,81,33,91,68.33333333,1,1,1,0,0,1,1,2,8,10,4,82,1
490,rjiranekdl@wix.com,97,33,76,68.66666667,1,1,1,0,1,0,0,4,6,3,6,48,1
491,cadenotdm@booking.com,98,94,51,81,1,1,1,1,0,1,0,8,10,5,5,26,1
492,gfishlydn@gizmodo.com,31,94,28,51,1,1,1,0,1,1,0,1,5,3,5,91,1
493,amawforddo@nbcnews.com,17,38,98,51,1,1,1,0,1,0,1,9,9,5,4,46,1
494,jgoaksdp@independent.co.uk,69,89,13,57,1,1,1,1,0,0,0,5,4,3,10,19,1
495,zgrocottdq@angelfire.com,20,42,74,45.33333333,0,0,0,1,1,1,0,3,2,8,5,62,0
496,bkarpenkodr@geocities.jp,26,21,60,35.66666667,0,0,0,1,1,1,0,8,9,1,5,77,0
497,gleefeds@multiply.com,15,91,72,59.33333333,1,1,1,0,0,0,1,6,1,5,8,96,1
498,briordandt@weather.com,14,13,56,27.66666667,0,0,0,0,1,0,1,4,2,10,8,21,0
499,bbrokenshawdu@virginia.edu,55,37,75,55.66666667,1,1,1,0,1,0,1,10,5,8,8,26,1
500,bivanichevdv@unc.edu,61,75,36,57.33333333,1,1,1,1,1,1,1,4,3,6,6,6,1
501,boppydw@cmu.edu,56,78,86,73.33333333,1,1,1,0,0,1,0,2,10,9,1,0,1
502,bwanlessdx@skyrock.com,80,98,80,86,1,1,1,1,0,1,1,7,4,10,3,21,1
503,salcorndy@ustream.tv,51,96,85,77.33333333,1,1,1,1,1,0,0,1,8,8,9,56,1
504,tstotedz@google.es,51,99,24,58,1,1,1,1,1,1,0,6,4,4,9,30,1
505,ydarintone0@tiny.cc,33,87,23,47.66666667,0,0,0,0,1,1,0,5,7,2,3,70,0
506,mmcfaydene1@independent.co.uk,33,88,66,62.33333333,1,1,1,0,1,1,1,2,7,3,7,4,1
507,farmsbye2@pinterest.com,79,99,29,69,1,1,1,1,1,0,0,8,5,10,3,95,1
508,ejammete3@google.it,49,10,10,23,0,0,0,0,0,1,1,7,1,6,6,78,0
509,erutherfoorde4@sfgate.com,44,62,48,51.33333333,1,1,1,1,1,1,1,7,7,1,6,76,1
510,croswarnee5@alexa.com,30,50,51,43.66666667,0,0,0,0,1,1,0,6,9,5,6,7,0
511,handriolie6@tiny.cc,32,98,18,49.33333333,0,0,0,0,1,1,0,5,3,1,5,13,0
512,mbakese7@prweb.com,36,89,96,73.66666667,1,1,1,1,0,1,0,7,6,5,4,7,1
513,dlukasene8@redcross.org,51,54,74,59.66666667,1,1,1,1,1,1,1,1,5,1,2,32,1
514,bnewartee9@tamu.edu,29,93,57,59.66666667,1,1,1,0,1,1,1,8,4,1,8,99,1
515,jfollisea@elegantthemes.com,94,49,85,76,1,1,1,0,0,1,0,3,6,8,1,65,1
516,vgarrawayeb@hatena.ne.jp,86,21,77,61.33333333,1,1,1,1,0,1,1,3,8,4,8,50,1
517,asamwellec@un.org,50,55,82,62.33333333,1,1,1,1,1,1,1,4,2,4,8,10,1
518,rdeluzeed@ifeng.com,33,16,11,20,0,0,0,1,0,0,0,9,10,1,3,48,0
519,bunderhillee@51.la,59,53,57,56.33333333,1,1,1,0,1,0,1,3,3,7,10,1,1
520,mgeorgievef@flavors.me,78,78,56,70.66666667,1,1,1,0,1,0,0,4,10,3,2,91,1
521,jeslandeg@marriott.com,95,31,94,73.33333333,1,1,1,1,0,0,0,9,2,8,5,82,1
522,aszachniewiczeh@drupal.org,37,48,100,61.66666667,1,1,1,1,0,0,0,4,7,1,7,45,1
523,kwetherheadei@hexun.com,65,32,90,62.33333333,1,1,1,0,1,0,1,7,10,6,5,35,1
524,mbignellej@tiny.cc,91,97,43,77,1,1,1,0,0,1,0,10,4,10,2,63,1
525,tdorlingek@163.com,59,76,34,56.33333333,1,1,1,0,0,1,1,2,8,2,10,81,1
526,qdurmanel@ask.com,78,48,16,47.33333333,0,0,0,1,0,1,1,10,5,6,3,82,0
527,mdegoeyem@github.com,69,32,98,66.33333333,1,1,1,0,0,1,1,7,5,7,7,74,1
528,gkowalskien@paypal.com,77,82,17,58.66666667,1,1,1,1,0,0,1,8,2,7,9,39,1
529,mgreesoneo@wikia.com,53,71,18,47.33333333,0,0,0,0,0,0,1,4,4,8,5,90,0
530,pactonep@cloudflare.com,97,24,21,47.33333333,0,0,0,1,1,1,1,7,5,1,3,90,0
531,bconnickeq@bravesites.com,11,22,78,37,0,0,0,0,1,0,1,5,8,3,3,17,0
532,dbeckforder@cargocollective.com,34,25,74,44.33333333,0,0,0,1,1,1,1,7,9,8,2,3,0
533,knegroes@hibu.com,97,80,82,86.33333333,1,1,1,0,1,0,0,3,9,1,6,23,1
534,lallomet@europa.eu,76,64,42,60.66666667,1,1,1,0,0,0,0,6,2,7,8,6,1
535,twilshereeu@businessweek.com,16,54,64,44.66666667,0,0,0,1,1,0,1,9,3,8,6,9,0
536,xedwardsonev@twitpic.com,99,78,27,68,1,1,1,0,1,1,1,8,7,3,7,65,1
537,ybrazearew@businessweek.com,19,72,38,43,0,0,0,1,0,0,1,10,4,2,5,73,0
538,rduckitex@purevolume.com,49,87,36,57.33333333,1,1,1,0,1,0,1,10,6,6,9,71,1
539,wcowupey@dailymotion.com,76,63,75,71.33333333,1,1,1,1,0,1,0,8,4,3,5,33,1
540,gbarkerez@vistaprint.com,89,55,56,66.66666667,1,1,1,1,0,1,1,4,1,7,5,76,1
541,schelamf0@pen.io,93,72,56,73.66666667,1,1,1,1,1,1,1,9,1,4,10,49,1
542,irigardf1@marriott.com,35,32,70,45.66666667,0,0,0,0,0,1,1,9,1,4,9,60,0
543,cvliesf2@delicious.com,54,46,47,49,0,0,0,1,0,1,0,4,10,5,3,59,0
544,skneebonef3@blogger.com,14,96,68,59.33333333,1,1,1,1,0,1,0,7,3,2,2,98,1
545,epursehousef4@ow.ly,85,79,42,68.66666667,1,1,1,0,0,0,0,10,1,3,6,15,1
546,gstoutf5@tripod.com,84,29,14,42.33333333,0,0,0,1,1,0,0,3,4,4,7,89,0
547,njiggensf6@hud.gov,54,34,96,61.33333333,1,1,1,0,1,0,0,10,10,10,8,72,1
548,tmetterickf7@livejournal.com,46,30,95,57,1,1,1,1,0,0,1,8,9,4,7,36,1
549,amcgouganf8@homestead.com,52,91,44,62.33333333,1,1,1,1,1,1,0,4,10,10,3,30,1
550,lpitonef9@tripadvisor.com,64,55,60,59.66666667,1,1,1,0,1,1,1,2,7,3,6,74,1
551,rterronfa@github.com,18,40,10,22.66666667,0,0,0,1,0,0,1,8,7,4,8,98,0
552,mswyrefb@drupal.org,40,67,60,55.66666667,1,1,1,0,1,0,0,1,5,10,2,98,1
553,ksmallwoodfc@nba.com,17,18,56,30.33333333,0,0,0,0,1,0,1,9,10,5,6,46,0
554,gkilnfd@godaddy.com,75,64,33,57.33333333,1,1,1,0,0,0,1,3,7,8,1,84,1
555,rsiddelefe@de.vu,41,99,65,68.33333333,1,1,1,0,1,1,0,4,4,10,4,10,1
556,lenglishbyff@wp.com,41,89,73,67.66666667,1,1,1,1,1,0,1,3,2,1,2,57,1
557,wovendalefg@gmpg.org,19,73,46,46,0,0,0,0,1,0,1,1,6,8,8,70,0
558,gmackinnonfh@microsoft.com,55,52,87,64.66666667,1,1,1,0,1,0,1,9,1,8,3,94,1
559,vvanderkruijsfi@example.com,60,59,41,53.33333333,1,1,1,1,0,1,0,3,9,3,3,8,1
560,sclerkefj@phoca.cz,90,68,17,58.33333333,1,1,1,1,1,1,0,7,3,7,5,29,1
561,ksuggettfk@homestead.com,21,85,98,68,1,1,1,0,0,1,0,2,1,10,7,27,1
562,chuntingfordfl@google.com.br,27,37,31,31.66666667,0,0,0,1,1,0,0,2,2,3,3,73,0
563,lbrosiofm@addtoany.com,17,37,79,44.33333333,0,0,0,0,0,1,0,7,7,2,9,30,0
564,ccossonsfn@over-blog.com,43,36,99,59.33333333,1,1,1,0,0,0,1,1,9,1,10,66,1
565,jferrarottifo@bravesites.com,85,97,28,70,1,1,1,1,0,1,1,1,4,8,4,29,1
566,atodfp@gizmodo.com,52,54,33,46.33333333,0,0,0,1,1,0,1,9,4,10,6,19,0
567,jrenvoisefq@mtv.com,56,89,79,74.66666667,1,1,1,0,0,0,0,6,7,6,9,23,1
568,hmusterdfr@sakura.ne.jp,36,45,77,52.66666667,1,1,1,1,0,0,0,3,3,3,4,31,1
569,cmcwhinneyfs@intel.com,62,82,78,74,1,1,1,1,1,1,1,2,10,9,2,78,1
570,jpiotrowskift@aboutads.info,23,87,19,43,0,0,0,1,1,0,1,4,7,4,6,86,0
571,larrighinifu@woothemes.com,81,41,36,52.66666667,1,1,1,0,0,1,0,1,10,7,7,10,1
572,rhailyfv@house.gov,81,16,29,42,0,0,0,0,0,1,0,6,2,3,10,88,0
573,pcapaldifw@tmall.com,91,55,47,64.33333333,1,1,1,1,1,0,1,1,8,6,10,45,1
574,agartshorefx@weebly.com,78,47,42,55.66666667,1,1,1,0,0,0,1,7,1,9,10,54,1
575,sdemendozafy@php.net,54,57,57,56,1,1,1,1,0,1,0,9,10,1,10,25,1
576,rmuscatfz@amazon.co.uk,16,23,19,19.33333333,0,0,0,1,0,1,0,3,8,8,6,52,0
577,pstuckowg0@webs.com,55,21,30,35.33333333,0,0,0,0,1,1,1,5,4,7,2,47,0
578,nfanningg1@princeton.edu,49,100,99,82.66666667,1,1,1,0,1,1,1,9,7,3,4,46,1
579,tthomtong2@gov.uk,84,68,14,55.33333333,1,1,1,1,1,0,1,7,3,3,2,5,1
580,wcasalig3@aol.com,39,80,47,55.33333333,1,1,1,1,0,1,1,3,5,3,1,18,1
581,alyddyg4@google.ca,25,55,41,40.33333333,0,0,0,0,1,0,1,9,1,3,8,46,0
582,rneseyg5@php.net,98,40,90,76,1,1,1,0,0,0,0,2,6,3,9,10,1
583,mloftusg6@constantcontact.com,74,18,27,39.66666667,0,0,0,1,0,0,1,7,2,3,10,100,0
584,ayusupovg7@myspace.com,47,14,16,25.66666667,0,0,0,0,1,1,1,5,2,6,8,60,0
585,rrichensg8@cbc.ca,12,39,48,33,1,1,1,1,0,1,1,8,4,4,3,56,1
586,rlambilliong9@thetimes.co.uk,27,11,49,29,0,0,0,1,1,0,1,8,4,9,10,80,0
587,nbenckga@php.net,74,40,59,57.66666667,1,1,1,0,1,1,0,10,4,7,10,27,1
588,binklesgb@illinois.edu,45,68,24,45.66666667,0,0,0,1,1,0,0,5,7,7,7,88,0
589,gdyersongc@ftc.gov,33,50,93,58.66666667,1,1,1,1,0,1,1,6,9,6,2,73,1
590,locarrolgd@guardian.co.uk,10,38,21,23,0,0,0,0,0,1,0,9,8,6,6,13,0
591,ayausge@unicef.org,50,64,86,66.66666667,1,1,1,1,1,0,0,2,1,6,10,22,1
592,ebonannogf@shutterfly.com,50,57,38,48.33333333,0,0,0,0,1,0,0,7,9,2,2,47,0
593,vsabatesgg@devhub.com,56,95,75,75.33333333,1,1,1,0,1,0,1,5,9,2,7,82,1
594,mellingh@washingtonpost.com,66,66,52,61.33333333,1,1,1,1,0,0,0,4,6,2,10,84,1
595,jsheringtongi@goodreads.com,70,98,75,81,1,1,1,1,0,1,0,7,7,10,8,2,1
596,rnuttygj@51.la,48,43,46,45.66666667,0,0,0,1,1,1,1,3,5,2,6,68,0
597,vthornthwaitegk@dell.com,37,31,40,36,0,0,0,1,0,1,1,4,9,4,5,21,0
598,atremellinggl@cafepress.com,39,27,26,30.66666667,0,0,0,0,0,1,0,5,1,9,10,9,0
599,bcorsangm@vk.com,95,29,68,64,1,1,1,0,0,1,1,8,1,5,8,98,1
600,areysongn@de.vu,47,13,79,46.33333333,0,0,0,1,1,1,0,7,2,2,9,54,0
601,bmawhinneygo@rakuten.co.jp,67,43,93,67.66666667,1,1,1,0,0,1,1,10,5,9,3,19,1
602,mgaythergp@businessweek.com,18,38,10,22,0,0,0,1,1,1,1,6,10,7,7,51,0
603,jyarhamgq@ebay.co.uk,43,13,76,44,0,0,0,1,1,0,0,9,6,2,7,100,0
604,eforrestallgr@nydailynews.com,29,63,65,52.33333333,1,1,1,1,1,1,1,9,10,1,3,31,1
605,rquestgs@skyrock.com,18,88,65,57,1,1,1,0,0,0,1,4,4,8,10,53,1
606,acolombgt@scientificamerican.com,10,68,40,39.33333333,0,0,0,1,1,0,0,6,7,4,7,11,0
607,bbucknallgu@rambler.ru,61,23,10,31.33333333,0,0,0,0,1,1,0,9,7,5,3,24,0
608,lbrownceygv@npr.org,27,86,25,46,0,0,0,1,0,0,0,6,2,4,6,9,0
609,anorcrossgw@edublogs.org,22,47,87,52,1,1,1,1,1,0,1,7,2,5,9,11,1
610,rbampkingx@fotki.com,57,74,46,59,1,1,1,0,1,1,1,2,2,7,8,46,1
611,rbosencegy@biblegateway.com,76,41,10,42.33333333,0,0,0,1,0,0,0,7,7,9,1,30,0
612,khoogendorpgz@parallels.com,65,42,37,48,0,0,0,0,1,1,1,9,6,2,6,97,0
613,twybornh0@newyorker.com,62,69,19,50,1,1,1,1,0,0,0,1,2,4,6,62,1
614,gsmorfith1@wiley.com,29,35,88,50.66666667,1,1,1,1,1,1,0,9,3,5,6,93,1
615,kpakenhamh2@earthlink.net,52,52,90,64.66666667,1,1,1,1,0,0,1,8,1,2,4,73,1
616,tmasdingh3@symantec.com,82,46,39,55.66666667,1,1,1,0,0,1,0,2,2,4,8,72,1
617,bboddyh4@nba.com,77,10,56,47.66666667,0,0,0,0,1,0,1,2,7,10,7,38,0
618,clingh5@4shared.com,55,69,94,72.66666667,1,1,1,0,0,1,1,3,9,7,3,20,1
619,sdickensh6@weather.com,91,12,82,61.66666667,1,1,1,1,0,0,1,10,1,1,8,75,1
620,tbachanskih7@cdc.gov,40,59,11,36.66666667,0,0,0,0,1,0,1,8,1,10,2,48,0
621,sgajownikh8@prnewswire.com,73,65,30,56,1,1,1,1,0,1,1,6,8,7,1,70,1
622,fhendronh9@hc360.com,36,51,20,35.66666667,0,0,0,1,0,1,0,1,7,6,10,49,0
623,bbartolomieuha@dot.gov,32,42,90,54.66666667,1,1,1,0,1,1,0,5,4,6,3,91,1
624,gfencotthb@bbc.co.uk,34,62,70,55.33333333,1,1,1,0,0,1,1,8,10,7,9,27,1
625,abraniganhc@com.com,44,24,97,55,1,1,1,1,1,1,0,4,4,5,4,70,1
626,owheelanhd@usa.gov,74,98,47,73,1,1,1,0,1,1,1,6,2,2,10,68,1
627,novellhe@gov.uk,47,51,60,52.66666667,1,1,1,0,1,0,1,7,7,8,7,47,1
628,mhellmerhf@yandex.ru,65,86,99,83.33333333,1,1,1,0,1,1,0,4,6,10,10,1,1
629,jmarzelehg@nymag.com,16,49,34,33,0,0,0,0,0,0,0,2,3,5,8,74,0
630,ebaudichonhh@cnet.com,28,29,93,50,1,1,1,0,1,1,0,1,1,3,2,65,1
631,csousterhi@utexas.edu,17,27,16,20,0,0,0,0,1,1,1,1,7,1,7,67,0
632,ibeamisshj@joomla.org,50,82,12,48,0,0,0,0,0,0,1,10,8,2,7,69,0
633,jeptonhk@who.int,41,90,93,74.66666667,1,1,1,1,1,0,0,5,1,10,7,37,1
634,kcrammyhl@last.fm,26,41,55,40.66666667,0,0,0,1,1,1,0,9,2,1,2,52,0
635,mmathiothm@wired.com,37,45,100,60.66666667,1,1,1,1,1,0,0,6,3,8,7,16,1
636,cmccambroishn@shutterfly.com,75,27,93,65,1,1,1,0,0,1,0,8,6,1,5,24,1
637,dgildersleavesho@vkontakte.ru,49,24,32,35,0,0,0,0,0,0,1,1,4,3,8,88,0
638,splaidehp@discovery.com,77,68,81,75.33333333,1,1,1,1,1,1,0,4,1,8,10,30,1
639,abroadleyhq@comcast.net,95,83,75,84.33333333,1,1,1,0,0,0,1,4,9,7,5,99,1
640,lellinshr@nydailynews.com,53,24,47,41.33333333,0,0,0,1,0,0,0,10,9,5,8,16,0
641,oswancotths@engadget.com,60,82,33,58.33333333,1,1,1,0,0,1,1,10,8,7,7,82,1
642,amcateerht@deviantart.com,91,98,41,76.66666667,1,1,1,0,0,1,0,9,5,1,2,11,1
643,yspurnierhu@npr.org,23,59,55,45.66666667,0,0,0,1,0,1,0,1,8,9,2,91,0
644,athackrayhv@blogs.com,50,25,60,45,0,0,0,1,0,1,1,8,4,6,3,67,0
645,dbenkahw@technorati.com,13,66,11,30,0,0,0,1,1,1,0,8,5,10,9,72,0
646,kmcevonhx@spiegel.de,17,12,53,27.33333333,0,0,0,1,1,1,1,8,7,1,8,9,0
647,ggouldbournhy@wsj.com,44,98,86,76,1,1,1,1,0,1,1,1,3,1,10,31,1
648,etolhursthz@xrea.com,27,58,95,60,1,1,1,0,1,1,0,6,7,3,9,80,1
649,vdarnboroughi0@dailymail.co.uk,60,60,78,66,1,1,1,0,0,0,0,1,4,6,8,1,1
650,tjeandeaui1@cnbc.com,88,30,97,71.66666667,1,1,1,0,0,0,0,8,10,10,9,39,1
651,ksimonyii2@slideshare.net,47,55,45,49,0,0,0,1,1,0,0,9,7,7,6,11,0
652,msolesi3@elegantthemes.com,78,24,42,48,0,0,0,1,1,1,1,4,5,5,9,45,0
653,sbillsi4@gmpg.org,71,85,13,56.33333333,1,1,1,1,0,1,1,6,8,1,3,59,1
654,ylestrangei5@amazon.co.uk,28,48,26,34,0,0,0,1,1,1,1,6,2,9,6,6,0
655,bscougalli6@cisco.com,69,50,16,45,0,0,0,0,0,1,1,3,1,8,3,92,0
656,bminkeri7@lulu.com,91,28,43,54,1,1,1,0,1,0,1,3,4,1,4,86,1
657,cbridgmani8@earthlink.net,52,96,82,76.66666667,1,1,1,0,1,1,1,9,5,4,7,16,1
658,kjilesi9@yellowbook.com,19,65,17,33.66666667,0,0,0,0,0,1,1,10,7,5,4,41,0
659,awilsteadia@youku.com,12,18,28,19.33333333,0,0,0,0,1,1,0,7,8,9,2,19,0
660,omaffeoib@goo.ne.jp,20,90,66,58.66666667,1,1,1,0,1,0,0,4,7,7,8,58,1
661,gsavaryic@auda.org.au,92,57,31,60,1,1,1,1,0,1,0,4,4,3,2,65,1
662,fzanniid@baidu.com,28,55,48,43.66666667,0,0,0,1,1,0,1,8,4,2,9,27,0
663,rossultonie@admin.ch,27,74,48,49.66666667,0,0,0,1,1,0,0,2,6,5,3,20,0
664,lpresslandif@eepurl.com,65,46,30,47,0,0,0,1,0,0,0,9,10,10,3,92,0
665,rtesdaleig@trellian.com,55,54,72,60.33333333,1,1,1,1,0,1,0,10,4,6,3,58,1
666,shallerih@answers.com,92,21,69,60.66666667,1,1,1,1,0,0,1,3,6,8,9,66,1
667,jridgersii@posterous.com,32,92,88,70.66666667,1,1,1,1,1,1,0,9,4,3,4,80,1
668,lmattheeuwij@elegantthemes.com,100,82,78,86.66666667,1,1,1,0,0,0,1,3,6,8,9,88,1
669,kromansik@ucsd.edu,22,72,75,56.33333333,1,1,1,0,0,1,0,8,1,3,3,21,1
670,mharrowayil@usa.gov,32,49,96,59,1,1,1,0,1,0,1,6,2,9,9,78,1
671,bfenbyim@ebay.co.uk,48,62,54,54.66666667,1,1,1,0,1,1,1,7,9,3,9,98,1
672,lwealleansin@phoca.cz,17,58,83,52.66666667,1,1,1,1,0,0,1,7,4,9,3,59,1
673,ksedgmanio@t-online.de,96,65,14,58.33333333,1,1,1,0,1,1,0,5,6,5,3,2,1
674,cunsteadip@rakuten.co.jp,77,92,86,85,1,1,1,0,1,0,1,9,3,5,10,87,1
675,rgirardiniiq@un.org,15,94,24,44.33333333,0,0,0,0,1,0,1,2,8,10,10,81,0
676,sabysir@yellowbook.com,37,85,52,58,1,1,1,1,1,0,0,9,1,1,9,87,1
677,mdiableis@parallels.com,25,55,39,39.66666667,0,0,0,1,0,1,1,4,1,9,10,82,0
678,dsilberit@nytimes.com,40,70,91,67,1,1,1,1,0,0,1,8,7,1,1,80,1
679,csundiniu@craigslist.org,98,88,18,68,1,1,1,1,0,1,0,7,4,5,6,7,1
680,zslineyiv@hexun.com,28,30,90,49.33333333,0,0,0,0,1,0,0,3,2,2,9,100,0
681,mthornthwaiteiw@gnu.org,85,73,48,68.66666667,1,1,1,1,1,1,0,8,7,4,1,18,1
682,gandrichukix@drupal.org,17,18,13,16,0,0,0,0,1,0,1,3,1,10,9,22,0
683,sbeneteauiy@reuters.com,37,73,36,48.66666667,0,0,0,1,1,1,1,6,3,8,7,42,0
684,nmcquieiz@statcounter.com,61,11,85,52.33333333,1,1,1,0,1,0,1,4,3,7,5,77,1
685,gwathenj0@jalbum.net,22,40,20,27.33333333,0,0,0,0,1,0,1,6,10,7,4,23,0
686,lworswickj1@forbes.com,52,83,65,66.66666667,1,1,1,0,0,0,0,2,3,2,5,37,1
687,fmoormanj2@yahoo.co.jp,94,60,22,58.66666667,1,1,1,0,0,1,0,3,1,6,5,19,1
688,mheadj3@zdnet.com,97,79,75,83.66666667,1,1,1,0,1,0,0,9,4,10,10,79,1
689,lwoodrowj4@fema.gov,73,67,72,70.66666667,1,1,1,0,1,1,0,8,7,2,3,91,1
690,ttearj5@free.fr,35,29,45,36.33333333,0,0,0,1,0,0,0,8,7,2,4,89,0
691,mimlawj6@freewebs.com,81,12,63,52,1,1,1,1,0,1,1,5,1,2,3,76,1
692,vskellyj7@hhs.gov,23,19,30,24,0,0,0,1,0,0,1,9,3,5,10,43,0
693,ahaddockj8@slideshare.net,96,91,78,88.33333333,1,1,1,0,1,1,0,4,1,3,3,80,1
694,apenlingtonj9@globo.com,28,79,62,56.33333333,1,1,1,1,0,0,0,8,2,7,4,93,1
695,acrushja@bbb.org,94,78,57,76.33333333,1,1,1,1,0,1,1,5,6,5,2,11,1
696,mlowthorpejb@statcounter.com,23,68,21,37.33333333,0,0,0,0,1,0,0,7,5,1,6,66,0
697,aniasjc@jalbum.net,50,55,91,65.33333333,1,1,1,1,1,1,1,7,3,3,4,51,1
698,gchurcherjd@tripod.com,77,74,95,82,1,1,1,1,0,1,1,8,5,4,7,29,1
699,mwakelamje@mozilla.org,20,49,45,38,1,1,1,1,1,0,1,6,3,9,1,6,1
700,tplummerjf@census.gov,60,50,97,69,1,1,1,1,0,1,1,6,4,7,2,29,1
701,dhouchenjg@typepad.com,61,53,14,42.66666667,0,0,0,0,1,0,1,9,10,5,8,31,0
702,rhighwayjh@altervista.org,18,70,62,50,1,1,1,0,0,1,0,1,9,4,4,87,1
703,nwhitechurchji@blogs.com,34,29,12,25,0,0,0,0,1,0,1,4,9,8,4,46,0
704,sjanuszkiewiczjj@bigcartel.com,86,86,30,67.33333333,1,1,1,0,0,1,1,2,4,10,7,88,1
705,mkeblejk@marketwatch.com,10,76,14,33.33333333,0,0,0,0,0,0,0,7,1,6,4,20,0
706,jwiggjl@techcrunch.com,22,65,38,41.66666667,0,0,0,1,1,1,0,1,10,3,10,79,0
707,tshentonjm@oracle.com,82,52,30,54.66666667,1,1,1,1,0,1,0,5,9,3,5,44,1
708,hdaberjn@theguardian.com,29,55,13,32.33333333,0,0,0,1,0,1,0,10,1,7,5,53,0
709,kavelinejo@amazon.co.jp,30,20,23,24.33333333,0,0,0,0,0,0,1,4,5,6,1,60,0
710,rscudderjp@engadget.com,55,17,15,29,0,0,0,0,0,0,0,2,10,1,2,56,0
711,tsmeethjq@wikimedia.org,68,38,24,43.33333333,0,0,0,0,0,0,1,9,4,9,4,49,0
712,vsalterjr@canalblog.com,79,54,64,65.66666667,1,1,1,1,1,1,1,2,3,7,1,4,1
713,mpulbrookjs@symantec.com,52,76,98,75.33333333,1,1,1,0,0,1,1,2,5,6,10,58,1
714,vrobertjt@shutterfly.com,94,83,41,72.66666667,1,1,1,1,0,1,0,2,8,1,9,42,1
715,xsamwayeju@cafepress.com,33,27,57,39,0,0,0,0,0,0,1,1,7,10,4,55,0
716,gokieranjv@rakuten.co.jp,65,73,21,53,1,1,1,1,1,1,0,7,7,8,10,36,1
717,gburboroughjw@statcounter.com,67,88,58,71,1,1,1,1,1,0,1,1,5,8,2,40,1
718,jfeldhammerjx@mapy.cz,100,34,52,62,1,1,1,1,0,0,1,4,10,10,6,72,1
719,fscampionjy@cnet.com,76,15,72,54.33333333,1,1,1,0,0,0,1,8,4,2,6,80,1
720,jmccaheyjz@quantcast.com,17,21,76,38,0,0,0,0,1,1,1,2,2,5,6,80,0
721,abaumek0@newsvine.com,91,83,66,80,1,1,1,0,1,0,1,2,9,8,5,38,1
722,olinggardk1@ed.gov,86,97,13,65.33333333,1,1,1,1,0,0,1,4,5,1,6,28,1
723,emoodyk2@topsy.com,57,32,34,41,0,0,0,1,0,1,1,3,3,8,6,45,0
724,dvynollk3@bloglovin.com,30,29,24,27.66666667,0,0,0,1,1,1,0,3,5,4,7,57,0
725,tbougenk4@whitehouse.gov,49,30,65,48,0,0,0,0,1,1,0,8,8,3,3,19,0
726,khacksbyk5@ezinearticles.com,97,57,41,65,1,1,1,1,0,1,1,4,7,10,9,81,1
727,ablewettk6@baidu.com,69,51,93,71,1,1,1,0,0,0,0,1,7,9,10,8,1
728,kmccrostiek7@scientificamerican.com,53,87,51,63.66666667,1,1,1,1,1,0,0,3,3,1,10,61,1
729,mdewik8@guardian.co.uk,85,42,16,47.66666667,0,0,0,0,0,1,1,2,8,9,1,74,0
730,csandcraftk9@acquirethisname.com,67,51,95,71,1,1,1,0,1,1,1,9,6,2,1,65,1
731,gmozzettika@fc2.com,64,39,63,55.33333333,1,1,1,0,0,1,1,7,7,6,7,61,1
732,syaneevkb@mayoclinic.com,78,31,30,46.33333333,0,0,0,1,1,0,1,10,4,1,7,98,0
733,dliptrotkc@xing.com,10,32,38,26.66666667,0,0,0,1,1,0,1,6,6,8,9,56,0
734,vpeealesskd@youtube.com,34,91,12,45.66666667,0,0,0,1,0,1,1,4,1,4,10,65,0
735,iespinetke@epa.gov,37,33,36,35.33333333,0,0,0,1,1,0,1,1,7,7,7,36,0
736,ggerberkf@domainmarket.com,42,95,90,75.66666667,1,1,1,0,0,1,0,1,4,4,9,74,1
737,crosanderkg@t.co,22,87,50,53,1,1,1,1,0,0,0,4,1,3,6,84,1
738,amottramkh@opensource.org,72,25,42,46.33333333,0,0,0,0,0,0,1,6,9,1,8,70,0
739,lyorkki@purevolume.com,84,33,50,55.66666667,1,1,1,1,1,1,0,10,3,9,4,56,1
740,wmacvaghkj@bloomberg.com,77,63,59,66.33333333,1,1,1,0,1,0,0,8,6,1,7,76,1
741,cbarkworthkk@e-recht24.de,40,43,25,36,0,0,0,0,0,1,1,8,3,3,6,15,0
742,bitzkowiczkl@livejournal.com,94,13,82,63,1,1,1,0,1,1,0,8,9,2,1,26,1
743,gdopplerkm@exblog.jp,96,38,60,64.66666667,1,1,1,1,1,1,1,3,8,1,4,85,1
744,bfogdenkn@creativecommons.org,94,25,67,62,1,1,1,0,1,0,1,5,4,8,2,13,1
745,wcominsko@bing.com,43,37,34,38,0,0,0,1,0,1,0,7,8,1,7,57,0
746,djankovickp@usatoday.com,81,31,70,60.66666667,1,1,1,1,1,1,1,2,4,7,9,14,1
747,emoulsonkq@surveymonkey.com,14,54,85,51,1,1,1,1,0,0,0,2,3,3,5,61,1
748,kgarnkr@army.mil,52,72,85,69.66666667,1,1,1,0,1,0,0,5,9,4,1,46,1
749,hlawreyks@springer.com,59,34,75,56,1,1,1,0,0,0,1,4,7,3,9,39,1
750,eworgankt@histats.com,80,92,91,87.66666667,1,1,1,0,0,0,0,5,4,3,3,10,1
751,mfennerku@addthis.com,54,45,36,45,0,0,0,0,1,0,1,6,6,9,5,58,0
752,gmilwardkv@tiny.cc,28,99,55,60.66666667,1,1,1,1,1,1,0,10,3,3,2,85,1
753,ezapaterkw@naver.com,72,22,21,38.33333333,0,0,0,1,0,1,1,2,5,10,1,50,0
754,ndobrowskikx@opera.com,87,74,100,87,1,1,1,0,0,1,1,9,2,8,10,53,1
755,jcradockky@wikipedia.org,98,69,76,81,1,1,1,0,0,1,1,2,5,6,3,18,1
756,bpresmankz@mit.edu,12,39,67,39.33333333,0,0,0,1,1,1,1,2,4,9,10,11,0
757,ghavockl0@sciencedirect.com,42,22,45,36.33333333,0,0,0,1,0,1,1,2,5,3,9,9,0
758,rneisingl1@opera.com,11,67,78,52,1,1,1,1,1,1,1,5,1,8,10,43,1
759,hbicklel2@sphinn.com,51,84,79,71.33333333,1,1,1,1,0,0,0,10,8,1,4,79,1
760,lrojahnl3@amazon.co.uk,92,80,45,72.33333333,1,1,1,1,0,0,1,6,8,6,10,82,1
761,mchalkel4@bloomberg.com,62,68,14,48,0,0,0,0,0,1,1,4,5,10,4,10,0
762,sprovisl5@blogs.com,85,74,100,86.33333333,1,1,1,1,1,1,1,2,2,1,1,39,1
763,mjedrachowiczl6@ezinearticles.com,89,42,55,62,1,1,1,0,1,0,1,1,4,10,6,35,1
764,bvickermanl7@techcrunch.com,95,73,55,74.33333333,1,1,1,0,1,1,0,8,7,1,8,32,1
765,cashel8@marriott.com,68,39,28,45,0,0,0,1,1,1,0,5,9,6,1,77,0
766,fechallierl9@cpanel.net,25,88,57,56.66666667,1,1,1,0,0,1,0,2,5,10,2,73,1
767,plunamla@miitbeian.gov.cn,91,82,82,85,1,1,1,0,1,1,0,4,2,10,4,54,1
768,lgoldslb@i2i.jp,84,21,53,52.66666667,1,1,1,0,0,0,0,4,7,8,8,58,1
769,wludmannlc@va.gov,52,14,47,37.66666667,0,0,0,0,1,1,1,6,10,3,1,47,0
770,ggimberld@europa.eu,40,33,62,45,0,0,0,1,0,1,1,1,1,8,9,16,0
771,peliassenle@scientificamerican.com,72,81,84,79,1,1,1,0,0,0,1,4,7,1,5,82,1
772,slindlf@behance.net,43,81,41,55,1,1,1,1,1,1,0,6,9,3,7,8,1
773,aheaneylg@pinterest.com,25,62,10,32.33333333,0,0,0,1,0,0,1,3,3,8,10,63,0
774,rwinderslh@acquirethisname.com,56,12,49,39,0,0,0,0,0,1,1,6,3,1,2,32,0
775,oneveli@abc.net.au,24,69,88,60.33333333,1,1,1,0,0,0,1,7,9,7,10,26,1
776,tbrogginilj@devhub.com,17,95,19,43.66666667,0,0,0,0,1,0,1,8,8,2,7,1,0
777,cpedersenlk@illinois.edu,12,72,24,36,0,0,0,1,1,1,1,3,5,7,8,15,0
778,rwalkingtonll@blogspot.com,14,86,34,44.66666667,0,0,0,1,0,0,1,3,8,10,6,77,0
779,gbednelllm@jalbum.net,69,55,48,57.33333333,1,1,1,1,0,1,1,6,10,5,7,6,1
780,colongainln@deviantart.com,91,47,74,70.66666667,1,1,1,1,0,1,0,2,10,6,3,44,1
781,ipowerslo@sphinn.com,30,57,22,36.33333333,0,0,0,1,0,1,0,3,10,9,9,24,0
782,gwondrascheklp@simplemachines.org,57,38,60,51.66666667,1,1,1,1,0,1,1,10,4,3,8,57,1
783,ngrevellq@bloomberg.com,70,16,79,55,1,1,1,0,1,1,0,4,9,7,9,47,1
784,psturdeylr@army.mil,80,56,86,74,1,1,1,0,0,0,0,7,5,3,4,83,1
785,lluttgertls@storify.com,53,98,99,83.33333333,1,1,1,0,1,0,0,4,3,5,9,41,1
786,tpithielt@usda.gov,57,61,10,42.66666667,0,0,0,0,0,0,1,9,1,8,8,99,0
787,atromanlu@woothemes.com,45,70,34,49.66666667,0,0,0,0,1,0,1,10,5,2,3,32,0
788,lbegentlv@tumblr.com,45,94,80,73,1,1,1,0,0,0,1,3,2,8,3,16,1
789,mbottinellilw@alibaba.com,42,23,95,53.33333333,1,1,1,0,1,1,0,3,10,3,7,5,1
790,ggrieglx@hp.com,47,67,10,41.33333333,0,0,0,0,1,1,0,7,5,5,4,24,0
791,sspenslyly@liveinternet.ru,44,63,52,53,1,1,1,0,0,1,1,1,5,8,1,96,1
792,clorkinslz@github.com,41,35,35,37,0,0,0,1,1,0,0,3,10,4,9,48,0
793,fwittmanm0@berkeley.edu,81,50,40,57,1,1,1,0,0,1,1,2,3,5,8,79,1
794,kbrymhamm1@google.pl,70,88,47,68.33333333,1,1,1,0,0,1,0,1,6,1,5,43,1
795,jcomminsm2@marriott.com,42,95,14,50.33333333,1,1,1,0,1,0,1,10,8,6,1,13,1
796,bsalvadorem3@vinaora.com,68,86,21,58.33333333,1,1,1,1,0,0,1,4,6,6,9,41,1
797,frysomm4@apache.org,19,23,37,26.33333333,0,0,0,0,1,0,0,1,1,7,7,30,0
798,bstaceym5@bandcamp.com,35,70,31,45.33333333,0,0,0,0,1,0,1,4,7,1,3,52,0
799,bdallewaterm6@networkadvertising.org,44,81,38,54.33333333,1,1,1,0,0,0,1,9,5,6,3,55,1
800,famblerm7@spotify.com,47,29,36,37.33333333,0,0,0,1,0,1,0,5,6,3,1,17,0
801,alittlecotem8@wikispaces.com,71,29,25,41.66666667,0,0,0,0,0,0,1,9,9,3,5,10,0
802,bmenguem9@chicagotribune.com,43,34,70,49,0,0,0,1,1,0,1,2,2,4,4,8,0
803,dfancema@tiny.cc,90,29,45,54.66666667,1,1,1,1,1,1,1,2,8,1,3,73,1
804,jmccroarymb@wsj.com,42,34,55,43.66666667,0,0,0,1,0,1,0,8,7,9,10,62,0
805,jsleighmc@utexas.edu,70,87,33,63.33333333,1,1,1,0,0,0,1,5,7,5,2,0,1
806,gpellettmd@nyu.edu,87,38,80,68.33333333,1,1,1,1,0,1,1,5,1,1,8,28,1
807,tripponme@imdb.com,42,52,80,58,1,1,1,0,1,0,1,6,5,6,1,5,1
808,mdampneymf@loc.gov,39,97,40,58.66666667,1,1,1,0,1,1,0,7,3,8,2,24,1
809,bshellymg@microsoft.com,48,65,87,66.66666667,1,1,1,1,0,1,1,7,4,1,9,32,1
810,vcollimoremh@google.pl,97,15,65,59,1,1,1,1,0,0,1,1,9,9,6,97,1
811,lbaffinmi@pcworld.com,81,65,29,58.33333333,1,1,1,1,1,1,1,8,9,7,6,93,1
812,gstittmj@state.tx.us,74,71,16,53.66666667,1,1,1,1,1,1,0,1,10,6,6,10,1
813,mlanhammk@time.com,44,92,97,77.66666667,1,1,1,0,1,0,0,2,4,10,7,82,1
814,cpattrickml@gmpg.org,37,98,43,59.33333333,1,1,1,1,0,1,0,6,2,10,3,28,1
815,rmurrillmm@vk.com,23,85,99,69,1,1,1,0,1,0,0,3,8,3,9,84,1
816,acurdsmn@google.co.uk,40,73,46,53,1,1,1,0,1,0,0,5,4,7,8,61,1
817,apygottmo@wikipedia.org,74,81,83,79.33333333,1,1,1,0,1,1,1,3,3,8,8,97,1
818,escrivnermp@goo.ne.jp,15,56,16,29,0,0,0,0,0,0,0,2,10,6,6,94,0
819,ktrutermq@ycombinator.com,22,63,59,48,0,0,0,1,1,0,0,3,7,5,8,4,0
820,skibbymr@bing.com,42,45,95,60.66666667,1,1,1,0,1,1,0,4,3,2,3,31,1
821,jcuttlems@angelfire.com,36,75,42,51,1,1,1,1,0,0,1,6,9,4,6,18,1
822,wadiscotmt@tiny.cc,58,79,33,56.66666667,1,1,1,0,1,0,1,3,5,9,9,80,1
823,dbercevelomu@lulu.com,100,25,75,66.66666667,1,1,1,1,0,0,0,1,8,8,2,81,1
824,mcaghymv@barnesandnoble.com,40,29,23,30.66666667,0,0,0,0,1,1,1,3,7,10,10,60,0
825,cstaddonmw@parallels.com,13,68,68,49.66666667,0,0,0,0,0,1,1,5,4,6,6,10,0
826,rtommasimx@linkedin.com,77,39,16,44,0,0,0,1,0,0,0,9,7,3,10,39,0
827,mnicholmy@pagesperso-orange.fr,21,63,73,52.33333333,1,1,1,0,0,1,1,2,9,8,7,82,1
828,tchartresmz@digg.com,100,15,49,54.66666667,1,1,1,0,0,0,1,4,10,1,8,82,1
829,bdaventryn0@bizjournals.com,37,79,22,46,0,0,0,1,1,1,1,4,7,4,4,0,0
830,nhopkynsn1@trellian.com,46,82,95,74.33333333,1,1,1,0,1,0,0,6,6,6,3,49,1
831,wjaeggin2@nymag.com,87,58,52,65.66666667,1,1,1,1,0,1,1,3,1,3,6,18,1
832,fballstonn3@biglobe.ne.jp,76,51,54,60.33333333,1,1,1,0,1,1,0,4,7,2,8,83,1
833,agimenon4@cnbc.com,99,93,54,82,1,1,1,1,1,1,0,5,6,2,7,63,1
834,kclowneyn5@berkeley.edu,29,64,74,55.66666667,1,1,1,1,1,1,1,8,4,10,8,35,1
835,keathornen6@csmonitor.com,13,90,19,40.66666667,0,0,0,0,1,1,1,9,9,1,2,51,0
836,edockertyn7@who.int,61,65,95,73.66666667,1,1,1,0,1,0,0,2,7,6,5,78,1
837,mvasseln8@imdb.com,47,75,26,49.33333333,0,0,0,1,1,0,0,8,9,6,7,3,0
838,dtremolieresn9@sitemeter.com,34,94,44,57.33333333,1,1,1,1,1,1,0,5,5,6,8,41,1
839,crawdalesna@booking.com,53,74,11,46,0,0,0,0,1,1,0,6,10,10,4,11,0
840,dwilkersonnb@bravesites.com,26,16,22,21.33333333,0,0,0,0,1,0,0,9,9,9,6,94,0
841,skellienc@wp.com,82,63,42,62.33333333,1,1,1,1,1,0,0,3,10,9,2,20,1
842,jatkirknd@tmall.com,49,60,52,53.66666667,1,1,1,0,1,1,0,5,8,3,9,3,1
843,lcarbonellne@microsoft.com,55,96,99,83.33333333,1,1,1,0,1,1,1,8,7,4,7,65,1
844,sjellybrandnf@com.com,95,96,64,85,1,1,1,1,0,1,1,6,6,9,3,50,1
845,pharmondng@businessinsider.com,42,45,75,54,1,1,1,1,1,1,1,9,3,2,5,46,1
846,onorvillenh@ycombinator.com,78,79,47,68,1,1,1,0,1,1,1,6,10,2,8,31,1
847,tmattssonni@marketwatch.com,70,36,20,42,0,0,0,0,0,1,1,8,9,10,5,83,0
848,nmollettnj@china.com.cn,65,15,83,54.33333333,1,1,1,1,1,1,0,10,7,9,5,38,1
849,rchatterisnk@digg.com,66,31,42,46.33333333,0,0,0,1,0,1,0,3,3,6,8,53,0
850,cbillsonnl@samsung.com,79,48,45,57.33333333,1,1,1,1,0,0,1,3,3,5,7,13,1
851,elaceynm@mediafire.com,86,92,34,70.66666667,1,1,1,1,1,1,0,2,7,1,2,55,1
852,mhoutennn@patch.com,30,59,31,40,0,0,0,1,0,0,0,9,2,2,6,97,0
853,tgrattonno@pen.io,18,96,25,46.33333333,0,0,0,1,0,1,1,8,3,2,1,60,0
854,sbadlandnp@craigslist.org,58,19,86,54.33333333,0,0,0,0,1,0,1,3,2,2,9,45,0
855,bpimblottenq@youtu.be,92,36,37,55,1,1,1,0,0,1,0,4,2,6,2,3,1
856,lholstonnr@reverbnation.com,16,92,21,43,0,0,0,1,0,1,1,10,7,3,3,66,0
857,gmilsomns@nydailynews.com,100,18,88,68.66666667,1,1,1,1,0,0,0,10,9,1,8,76,1
858,gurlingnt@fda.gov,38,27,100,55,1,1,1,0,0,1,1,4,5,4,8,36,1
859,fvanhallenu@facebook.com,51,87,51,63,1,1,1,0,1,1,0,8,7,1,3,89,1
860,ebisattnv@sohu.com,46,65,86,65.66666667,1,1,1,0,0,1,0,6,4,4,3,16,1
861,lbladdernw@spiegel.de,99,96,33,76,1,1,1,0,1,1,1,5,2,3,6,25,1
862,cbeevornx@ustream.tv,49,80,26,51.66666667,1,1,1,1,1,1,0,5,10,8,10,17,1
863,gitskovitzny@apple.com,46,38,46,43.33333333,0,0,0,0,1,0,1,3,4,10,9,68,0
864,ssheepynz@woothemes.com,38,52,50,46.66666667,0,0,0,0,0,1,0,5,4,9,5,52,0
865,sduetscheo0@wordpress.com,20,79,16,38.33333333,0,0,0,0,0,1,0,10,9,2,7,81,0
866,grousello1@pbs.org,15,87,11,37.66666667,0,0,0,1,0,0,0,1,8,4,1,46,0
867,mmiddaso2@redcross.org,60,83,95,79.33333333,1,1,1,0,0,1,1,8,9,4,5,32,1
868,fcharterso3@vistaprint.com,34,94,45,57.66666667,1,1,1,0,1,1,0,6,2,4,6,23,1
869,eextilo4@mlb.com,67,23,60,50,1,1,1,1,1,1,0,1,9,8,10,60,1
870,ehousamo5@vkontakte.ru,73,87,86,82,1,1,1,1,0,0,1,5,5,6,1,90,1
871,sfelminghamo6@sohu.com,25,65,62,50.66666667,1,1,1,0,0,0,1,3,4,8,10,87,1
872,pcudihyo7@umich.edu,62,24,72,52.66666667,1,1,1,0,1,0,1,9,2,8,9,38,1
873,toutibridgeo8@washington.edu,39,60,83,60.66666667,1,1,1,1,0,1,0,9,1,10,2,76,1
874,mfydoeo9@moonfruit.com,28,53,76,52.33333333,1,1,1,1,1,0,1,1,3,4,8,87,1
875,dcarlileoa@mit.edu,14,53,29,32,0,0,0,1,1,0,1,6,5,2,4,93,0
876,akopeckaob@drupal.org,98,52,79,76.33333333,1,1,1,0,1,0,0,5,3,4,2,36,1
877,dmcilwrickoc@berkeley.edu,30,21,27,26,0,0,0,1,1,0,0,1,1,10,9,40,0
878,qmacavddyod@tmall.com,25,96,64,61.66666667,1,1,1,1,1,0,0,10,4,5,9,18,1
879,bjuraoe@etsy.com,63,38,96,65.66666667,1,1,1,1,1,0,1,5,3,4,2,73,1
880,dwastallof@taobao.com,75,97,59,77,1,1,1,1,1,1,1,6,7,4,2,83,1
881,clambersenog@qq.com,19,66,12,32.33333333,0,0,0,0,0,1,0,7,2,3,6,5,0
882,ltubboh@themeforest.net,98,47,90,78.33333333,1,1,1,1,0,1,0,10,3,1,10,76,1
883,jchastneyoi@ow.ly,63,31,62,52,1,1,1,0,1,0,1,9,9,2,7,66,1
884,gliftonoj@thetimes.co.uk,19,72,51,47.33333333,0,0,0,1,1,1,1,3,2,6,5,48,0
885,dheinok@epa.gov,74,90,77,80.33333333,1,1,1,1,0,1,0,6,8,2,6,7,1
886,rpesekol@yelp.com,50,94,74,72.66666667,1,1,1,1,0,1,1,1,8,5,6,79,1
887,mslymeom@marketwatch.com,37,72,35,48,0,0,0,0,1,0,0,2,1,7,10,50,0
888,nocorrinon@ebay.co.uk,79,56,87,74,1,1,1,1,1,0,1,5,7,8,9,10,1
889,arangalloo@cnn.com,71,90,41,67.33333333,1,1,1,1,1,1,0,5,6,5,2,15,1
890,jsargintop@webmd.com,22,22,52,32,0,0,0,0,0,0,1,10,7,3,8,83,0
891,nchippindalloq@latimes.com,48,23,21,30.66666667,0,0,0,1,0,1,1,10,7,7,10,51,0
892,fcroydonor@hostgator.com,52,45,14,37,0,0,0,1,0,0,0,4,10,3,1,26,0
893,khuggardos@businesswire.com,10,64,58,44,0,0,0,1,0,1,1,7,6,1,2,78,0
894,ktripletot@ehow.com,81,15,25,40.33333333,0,0,0,1,0,0,0,2,2,3,4,23,0
895,mpellewou@networksolutions.com,40,51,28,39.66666667,0,0,0,1,0,1,1,10,9,10,9,42,0
896,gwarlowov@oracle.com,75,49,60,61.33333333,1,1,1,1,1,0,1,9,6,6,10,84,1
897,guphillow@ihg.com,59,26,75,53.33333333,1,1,1,1,1,1,1,3,3,1,3,52,1
898,gsimnellox@people.com.cn,89,74,12,58.33333333,1,1,1,0,0,1,0,1,8,9,10,64,1
899,tmcgriffinoy@tripadvisor.com,80,93,63,78.66666667,1,1,1,1,1,1,0,10,1,4,3,66,1
900,gguitonoz@microsoft.com,91,30,10,43.66666667,0,0,0,0,0,0,1,1,3,7,4,98,0
901,chaggusp0@toplist.cz,19,21,20,20,0,0,0,1,1,0,0,7,4,6,8,59,0
902,krobakp1@tripod.com,93,27,84,68,1,1,1,1,1,0,0,6,9,8,3,47,1
903,dliepinap2@stanford.edu,22,56,72,50,1,1,1,0,1,0,1,6,4,9,1,60,1
904,ahorleyp3@google.fr,96,31,24,50.33333333,1,1,1,0,1,0,0,8,7,5,7,78,1
905,dgoveyp4@spotify.com,88,94,97,93,1,1,1,1,0,0,1,7,10,6,4,33,1
906,edudinp5@nydailynews.com,28,63,25,38.66666667,0,0,0,0,0,0,0,1,1,3,7,51,0
907,dstevanip6@woothemes.com,79,89,70,79.33333333,1,1,1,0,0,1,0,2,7,7,3,52,1
908,aclappsonp7@yandex.ru,65,67,100,77.33333333,1,1,1,1,1,1,1,3,5,7,2,69,1
909,dstentp8@booking.com,75,51,88,71.33333333,1,1,1,0,1,1,1,9,8,4,5,62,1
910,jfalcop9@ed.gov,14,87,12,37.66666667,0,0,0,1,0,1,1,6,9,1,10,92,0
911,aofinanpa@gmpg.org,46,34,88,56,1,1,1,1,1,1,1,3,10,2,9,45,1
912,crevelpb@bbc.co.uk,29,64,99,64,1,1,1,1,1,0,1,9,1,6,4,97,1
913,sculppc@seattletimes.com,93,72,53,72.66666667,1,1,1,1,1,1,1,10,2,3,5,23,1
914,sziebartpd@dyndns.org,97,83,42,74,1,1,1,0,0,0,0,5,2,10,2,89,1
915,ofarnhampe@exblog.jp,90,55,26,57,1,1,1,0,1,1,1,2,9,7,2,81,1
916,rgriffithpf@cbc.ca,87,96,47,76.66666667,1,1,1,1,0,0,1,10,1,7,3,89,1
917,fodowlingpg@gmpg.org,84,44,29,52.33333333,1,1,1,0,1,1,0,1,8,5,5,28,1
918,gelveyph@europa.eu,15,28,38,27,0,0,0,1,1,0,0,9,6,6,7,93,0
919,scookneypi@mediafire.com,22,24,19,21.66666667,0,0,0,1,1,1,0,2,4,8,3,30,0
920,sdyneleypj@dot.gov,71,95,22,62.66666667,1,1,1,0,1,1,0,5,1,6,3,71,1
921,jblakestonpk@163.com,55,33,98,62,1,1,1,1,1,0,0,9,5,9,7,46,1
922,hhendrickxpl@360.cn,83,90,96,89.66666667,1,1,1,1,1,0,1,9,7,6,2,40,1
923,djiroudekpm@addtoany.com,29,22,70,40.33333333,0,0,0,1,1,1,0,1,10,2,5,98,0
924,lmckernpn@amazonaws.com,42,98,89,76.33333333,1,1,1,1,0,0,0,3,3,8,4,58,1
925,npattesallpo@berkeley.edu,74,52,81,69,1,1,1,0,1,0,1,1,5,7,10,5,1
926,ofowgiespp@1und1.de,58,90,67,71.66666667,1,1,1,0,1,1,0,6,1,4,1,87,1
927,agodleypq@about.me,47,100,20,55.66666667,1,1,1,1,0,1,0,7,8,8,10,91,1
928,ajandlpr@cam.ac.uk,60,58,29,49,0,0,0,0,0,0,1,5,8,8,7,5,0
929,mchomickips@godaddy.com,26,79,81,62,1,1,1,0,0,1,0,2,1,9,7,33,1
930,mhayesmanpt@dmoz.org,23,49,77,49.66666667,0,0,0,1,1,0,1,7,6,8,4,91,0
931,sscroobypu@a8.net,54,77,20,50.33333333,1,1,1,0,0,0,0,2,4,4,7,96,1
932,vburrispv@eepurl.com,35,59,94,62.66666667,1,1,1,0,1,0,1,4,10,2,6,30,1
933,lcosgrypw@canalblog.com,97,96,81,91.33333333,1,1,1,0,1,0,1,7,2,8,7,8,1
934,ldumbarepx@tumblr.com,12,37,95,48,0,0,0,0,0,0,0,3,7,4,9,94,0
935,kjoscelynepy@studiopress.com,58,31,17,35.33333333,0,0,0,0,1,0,1,8,10,6,3,51,0
936,tbelchampz@ucoz.com,54,23,71,49.33333333,0,0,0,0,0,0,0,6,8,4,8,14,0
937,rjessopq0@surveymonkey.com,16,75,45,45.33333333,0,0,0,1,0,1,0,5,8,7,1,24,0
938,pdurransq1@mit.edu,80,99,38,72.33333333,1,1,1,1,1,0,0,5,4,1,4,15,1
939,nmooreyq2@about.me,52,13,52,39,0,0,0,0,0,1,1,8,10,10,7,13,0
940,jkieransq3@godaddy.com,15,29,91,45,0,0,0,1,0,0,1,4,8,3,5,68,0
941,bmacq4@prlog.org,96,68,22,62,1,1,1,1,1,1,0,7,3,6,6,27,1
942,smcimmieq5@plala.or.jp,29,50,14,31,0,0,0,1,0,1,1,6,10,9,3,96,0
943,mbushillq6@amazon.com,81,80,55,72,1,1,1,1,0,0,1,7,10,4,2,14,1
944,edevriesq7@instagram.com,83,55,68,68.66666667,1,1,1,0,1,0,1,1,3,5,5,88,1
945,cwoolagerq8@ucsd.edu,97,47,75,73,1,1,1,1,1,0,0,2,7,5,1,74,1
946,tsandelsq9@diigo.com,51,13,44,36,0,0,0,1,1,1,1,5,10,1,3,80,0
947,afeatherstoneqa@dedecms.com,39,33,63,45,0,0,0,0,0,1,1,6,8,5,4,96,0
948,epurringtonqb@1und1.de,80,86,37,67.66666667,1,1,1,0,1,0,0,1,10,7,9,75,1
949,pdrippqc@sitemeter.com,100,47,95,80.66666667,1,1,1,1,1,0,1,1,3,9,1,42,1
950,adufoureqd@biglobe.ne.jp,22,26,33,27,0,0,0,0,0,1,0,3,4,1,1,65,0
951,zjansieqe@simplemachines.org,12,44,28,28,0,0,0,1,1,1,0,9,5,8,4,1,0
952,lgidmanqf@dyndns.org,42,38,78,52.66666667,1,1,1,0,0,0,1,3,7,9,2,38,1
953,ayousterqg@omniture.com,83,79,19,60.33333333,1,1,1,1,0,0,1,2,7,5,4,14,1
954,oparramqh@freewebs.com,54,41,24,39.66666667,0,0,0,1,1,1,0,5,1,2,6,13,0
955,cweberqi@cam.ac.uk,19,61,99,59.66666667,1,1,1,0,1,0,0,9,5,8,6,29,1
956,msturneyqj@archive.org,83,50,47,60,1,1,1,0,0,0,0,10,5,9,1,93,1
957,dpilsworthqk@yahoo.com,60,18,84,54,1,1,1,1,0,0,0,8,7,10,9,86,1
958,gfrenscheql@ed.gov,26,56,73,51.66666667,1,1,1,0,1,1,0,2,9,10,10,89,1
959,edymockeqm@tiny.cc,96,22,21,46.33333333,0,0,0,1,0,1,1,9,6,1,8,68,0
960,hmullinsqn@github.io,40,47,58,48.33333333,0,0,0,1,0,0,0,3,3,7,7,100,0
961,jmcshirieqo@nifty.com,70,78,72,73.33333333,1,1,1,0,0,1,0,9,3,6,4,75,1
962,ltilstonqp@prlog.org,79,93,90,87.33333333,1,1,1,0,0,0,0,7,1,9,5,64,1
963,remmittqq@tumblr.com,69,94,24,62.33333333,1,1,1,1,1,0,1,9,7,3,2,71,1
964,gmatchittqr@barnesandnoble.com,83,35,80,66,1,1,1,0,1,0,1,4,5,9,5,90,1
965,fpurselowqs@1688.com,94,17,97,69.33333333,1,1,1,1,1,1,1,9,5,5,10,2,1
966,dgrzeskowskiqt@buzzfeed.com,31,43,23,32.33333333,1,1,1,0,0,1,1,9,5,9,5,99,1
967,rdanisqu@flavors.me,64,59,17,46.66666667,1,1,1,0,0,0,0,1,10,3,8,45,1
968,csplevingsqv@apple.com,83,43,48,58,1,1,1,0,1,0,0,1,10,4,10,9,1
969,dmullineuxqw@europa.eu,55,52,51,52.66666667,1,1,1,0,0,1,1,3,3,4,4,74,1
970,tdallimoreqx@noaa.gov,15,18,21,18,0,0,0,0,1,1,0,1,7,9,9,37,0
971,kyeldonqy@globo.com,20,30,98,49.33333333,0,0,0,0,0,1,1,2,10,8,8,11,0
972,imacallisterqz@pinterest.com,31,98,13,47.33333333,0,0,0,0,1,1,0,9,2,3,3,95,0
973,feglintonr0@marketwatch.com,98,58,85,80.33333333,1,1,1,0,1,1,0,4,9,8,3,54,1
974,irikelr1@soup.io,95,57,57,69.66666667,1,1,1,0,1,0,0,2,6,10,2,82,1
975,echaucerr2@facebook.com,85,56,38,59.66666667,1,1,1,1,1,0,1,4,10,6,3,19,1
976,bdemalcharr3@blogs.com,22,17,62,33.66666667,0,0,0,0,0,0,0,5,1,9,8,62,0
977,aleverettr4@a8.net,63,74,55,64,1,1,1,1,1,0,1,1,3,8,6,86,1
978,dupstonr5@marketwatch.com,37,24,60,40.33333333,0,0,0,0,0,0,1,10,4,10,10,43,0
979,pmacakr6@nytimes.com,25,37,73,45,0,0,0,0,1,1,0,7,2,4,1,32,0
980,lstrevensr7@livejournal.com,21,23,18,20.66666667,0,0,0,1,1,0,1,7,8,4,7,47,0
981,fraincinr8@blinklist.com,36,84,93,71,1,1,1,0,1,0,1,3,10,8,1,52,1
982,gorhrtr9@ox.ac.uk,53,13,90,52,1,1,1,0,0,0,0,1,9,9,4,1,1
983,ecatmullra@mashable.com,18,99,40,52.33333333,1,1,1,0,1,0,0,3,5,1,7,76,1
984,ikuschelrb@noaa.gov,87,66,85,79.33333333,1,1,1,1,0,0,0,5,4,1,4,97,1
985,ftotenrc@oakley.com,66,95,41,67.33333333,1,1,1,1,1,0,0,1,6,3,1,68,1
986,priltonrd@about.com,22,51,32,35,0,0,0,0,0,0,1,9,4,6,2,22,0
987,kpetofire@rakuten.co.jp,93,81,63,79,1,1,1,1,1,1,1,7,1,6,9,98,1
988,sbackshillrf@disqus.com,25,47,66,46,0,0,0,0,0,0,1,7,2,5,1,22,0
989,csharperrg@soundcloud.com,99,75,90,88,1,1,1,1,1,1,1,3,1,2,8,30,1
990,gbalchinrh@paginegialle.it,25,62,84,57,1,1,1,0,1,0,0,6,9,5,2,86,1
991,arandalri@thetimes.co.uk,75,95,45,71.66666667,1,1,1,0,1,1,0,2,2,2,10,57,1
992,jmedlenrj@etsy.com,16,14,55,28.33333333,0,0,0,0,1,0,1,2,7,10,7,31,0
993,kfleetwoodrk@shinystat.com,13,98,95,68.66666667,1,1,1,1,1,0,1,10,10,5,4,36,1
994,jsiaskowskirl@wsj.com,26,62,77,55,1,1,1,1,1,1,0,9,4,8,10,58,1
995,jroderigorm@cdbaby.com,87,97,47,77,1,1,1,1,0,0,0,1,3,5,7,80,1
996,scoldridgern@123-reg.co.uk,82,34,42,52.66666667,1,1,1,0,0,0,1,3,8,8,4,14,1
997,npauro@studiopress.com,66,90,15,57,1,1,1,1,1,0,1,1,7,1,1,36,1
998,bgoldsmithrp@pagesperso-orange.fr,57,24,58,46.33333333,0,0,0,0,0,1,0,7,7,6,4,53,0
999,geverillrq@guardian.co.uk,13,73,85,57,1,1,1,1,1,0,0,6,2,6,8,56,1
1000,jrookerr@vistaprint.com,30,88,39,52.33333333,1,1,1,0,1,1,0,4,1,10,7,1,1